212.0,212.0,212.0,212.0,212.0,212.0,212.0,212.0,212.0,212.0,212.0,212.0,212.0,212.0,212.0,212.0,212.0,212.0,212.0,212.0,212.0,212.0,212.0,212.0,212.0,212.0,212.0,212.0,212.0,212.0,212.0,212.0,212.0,212.0,212.0,212.0,212.0,212.0,212.0,212.0,212.0,212.0,212.0,212.0,212.0,212.0,212.0,212.0,212.0,212.0,212.0,212.0,145.0,145.0,145.0,145.0,145.0,145.0,145.0,146.0,146.0,146.0,144.0,144.0,144.0,144.0,144.0,125.0,123.0,123.0,123.0,123.0,122.0,122.0,122.0,122.0,122.0,122.0,122.0,122.0,122.0,122.0,122.0,122.0,122.0,122.0,122.0,122.0,122.0,122.0,122.0,122.0,122.0,122.0,122.0,122.0,122.0,90.0,90.0,89.0,89.0,89.0,89.0,89.0,88.0,88.0,88.0,87.0,87.0,87.0,87.0,87.0,87.0,87.0,87.0,87.0,87.0,50.0,50.0,48.0,48.0,48.0,48.0,24.0,24.0,24.0,24.0,24.0,24.0,2.0,2.0,2.0,2.0,2.0,5.0,5.0,4.0,4.0,3.0,3.0,3.0,3.0,3.0,3.0,1.0,1.0,1.0,1.0,1.0,1.0,1.0,1.0,1.0,1.0,1.0,1.0,1.0,1.0,1.0,0.0,0.0,0.0,0.0,0.0,0.0,0.0,0.0,0.0,0.0,0.0,0.0,0.0,0.0,0.0,0.0,0.0,0.0,0.0,0.0,0.0,0.0,0.0,0.0,0.0,0.0,0.0,0.0,0.0,0.0,0.0,0.0,0.0,0.0,0.0,0.0,0.0,0.0,0.0,0.0,0.0,0.0,0.0,0.0,0.0,0.0,0.0,0.0,0.0,0.0,0.0,0.0,0.0,0.0,0.0,0.0,0.0,0.0,0.0,0.0,0.0,0.0,0.0,0.0,0.0,0.0,0.0,0.0,0.0,0.0,0.0,0.0,0.0,0.0,0.0,0.0,0.0,0.0,0.0,0.0,0.0,0.0,0.0,0.0,0.0,0.0,0.0,0.0,0.0,0.0,0.0,0.0,0.0,0.0,0.0,0.0,0.0,0.0,0.0,0.0,0.0,0.0,0.0,0.0,0.0,0.0,0.0,0.0,0.0,0.0,0.0,0.0,0.0,0.0,0.0,0.0,0.0,0.0,0.0,0.0,0.0,0.0,0.0,0.0,0.0,0.0,0.0,0.0,0.0,0.0,0.0,0.0,0.0,0.0,0.0,0.0,0.0,0.0,0.0,0.0,0.0,0.0,0.0,0.0,0.0,0.0,0.0,0.0,0.0,0.0,0.0,0.0,0.0,0.0,0.0,0.0,2.0,2.0,2.0,2.0,2.0,2.0,2.0,2.0,2.0,2.0,2.0,2.0,1.0,1.0,1.0,1.0,1.0,1.0,1.0,1.0,1.0,1.0,0.0,0.0,0.0,0.0,0.0,0.0,0.0,0.0,0.0,0.0,0.0,0.0,0.0,0.0,0.0,0.0,0.0,0.0,0.0,0.0,0.0,0.0,0.0,0.0,0.0,0.0,0.0,0.0,0.0,0.0,0.0,0.0,0.0,0.0,0.0,0.0,0.0,0.0,0.0,0.0,0.0,0.0,0.0,0.0,0.0,0.0,0.0,0.0,0.0,0.0,0.0,0.0,0.0,0.0,0.0,0.0,0.0,0.0,0.0,0.0,0.0,0.0,0.0,0.0,0.0,0.0,0.0,0.0,0.0,0.0,0.0,0.0,0.0,0.0,0.0,0.0,0.0,0.0,0.0,0.0,0.0,0.0,0.0,0.0,0.0,0.0,0.0,0.0,0.0,0.0,0.0,0.0,0.0,0.0,0.0,0.0,0.0,0.0,0.0,0.0,0.0,0.0,0.0,0.0,0.0,0.0,0.0,0.0,0.0,0.0,0.0,0.0,0.0,0.0,0.0,0.0,0.0,0.0,0.0,0.0,0.0,0.0,0.0,0.0,0.0,0.0,0.0,0.0,0.0,0.0,0.0,0.0,0.0,0.0,0.0,0.0,0.0,0.0,0.0,0.0,0.0,0.0,0.0,0.0,0.0,0.0,0.0,0.0,0.0,0.0,0.0,0.0,0.0,0.0,0.0,0.0,0.0,0.0,0.0,0.0,0.0,0.0,0.0,0.0
6.0,6.0,6.0,6.0,6.0,6.0,6.0,6.0,6.0,6.0,6.0,6.0,6.0,6.0,6.0,6.0,6.0,6.0,6.0,6.0,6.0,6.0,6.0,6.0,6.0,6.0,6.0,6.0,6.0,6.0,6.0,6.0,6.0,6.0,6.0,6.0,6.0,6.0,6.0,6.0,6.0,6.0,6.0,6.0,6.0,6.0,6.0,6.0,6.0,6.0,6.0,6.0,6.0,6.0,6.0,6.0,6.0,6.0,6.0,6.0,6.0,6.0,6.0,6.0,6.0,6.0,6.0,6.0,6.0,6.0,6.0,6.0,6.0,6.0,6.0,6.0,6.0,6.0,6.0,28.0,28.0,17.0,15.0,15.0,6.0,6.0,6.0,73.0,73.0,53.0,53.0,53.0,52.0,52.0,56.0,56.0,56.0,56.0,53.0,53.0,53.0,93.0,120.0,120.0,120.0,121.0,121.0,121.0,121.0,121.0,121.0,121.0,121.0,107.0,107.0,90.0,100.0,100.0,100.0,100.0,80.0,79.0,42.0,42.0,42.0,42.0,85.0,85.0,85.0,85.0,85.0,85.0,111.0,109.0,109.0,109.0,109.0,95.0,95.0,95.0,95.0,96.0,96.0,96.0,96.0,96.0,95.0,95.0,94.0,94.0,142.0,142.0,142.0,142.0,142.0,142.0,142.0,170.0,170.0,170.0,171.0,171.0,171.0,171.0,171.0,171.0,171.0,171.0,171.0,171.0,170.0,170.0,170.0,170.0,170.0,170.0,170.0,170.0,170.0,170.0,170.0,170.0,170.0,179.0,179.0,179.0,179.0,179.0,179.0,179.0,179.0,179.0,179.0,182.0,182.0,182.0,182.0,182.0,182.0,182.0,182.0,182.0,182.0,182.0,182.0,182.0,182.0,182.0,182.0,182.0,182.0,182.0,182.0,182.0,182.0,182.0,182.0,139.0,139.0,139.0,139.0,139.0,188.0,190.0,190.0,190.0,190.0,190.0,190.0,190.0,191.0,191.0,191.0,191.0,191.0,191.0,191.0,191.0,191.0,191.0,191.0,191.0,193.0,193.0,193.0,193.0,193.0,193.0,193.0,193.0,128.0,129.0,129.0,129.0,129.0,129.0,103.0,103.0,103.0,102.0,102.0,122.0,139.0,139.0,139.0,139.0,139.0,139.0,139.0,139.0,139.0,125.0,129.0,136.0,182.0,182.0,182.0,182.0,146.0,146.0,122.0,122.0,121.0,121.0,117.0,117.0,117.0,117.0,117.0,117.0,117.0,138.0,138.0,137.0,137.0,137.0,137.0,105.0,105.0,106.0,156.0,156.0,156.0,157.0,157.0,157.0,157.0,157.0,157.0,154.0,174.0,174.0,174.0,174.0,174.0,174.0,174.0,174.0,174.0,174.0,174.0,174.0,174.0,174.0,174.0,174.0,174.0,174.0,174.0,174.0,174.0,174.0,174.0,177.0,177.0,177.0,177.0,177.0,177.0,177.0,177.0,177.0,212.0,212.0,212.0,212.0,212.0,212.0,212.0,214.0,214.0,214.0,214.0,214.0,214.0,214.0,214.0,214.0,214.0,214.0,214.0,214.0,215.0,215.0,215.0,215.0,215.0,215.0,217.0,217.0,217.0,218.0,218.0,218.0,218.0,218.0,218.0,218.0,218.0,218.0,218.0,218.0,218.0,218.0,218.0,218.0,218.0,218.0,218.0,218.0,218.0,218.0,218.0,218.0,218.0,218.0,218.0,218.0,218.0,218.0,218.0,218.0,218.0,218.0,218.0,218.0,218.0,218.0,218.0,218.0,218.0,218.0,218.0,218.0,218.0,218.0,218.0,218.0,218.0,218.0,218.0,218.0,218.0,218.0,218.0,218.0,218.0,218.0,218.0,218.0,218.0,218.0,218.0,218.0,218.0,218.0,218.0,218.0,218.0,218.0,218.0,218.0,218.0,218.0,218.0,218.0,218.0,218.0,218.0,218.0,218.0,218.0,218.0,218.0,218.0,218.0,218.0,218.0,218.0,218.0,218.0,218.0,218.0,218.0,218.0,218.0,218.0,218.0,218.0,218.0,218.0,218.0,218.0,218.0,218.0,218.0,218.0,218.0,218.0,218.0,218.0,218.0,218.0,218.0,218.0,218.0,218.0,218.0,218.0,218.0,218.0,218.0,218.0,218.0,218.0,218.0,218.0,218.0,218.0,218.0,218.0
0.0,0.0,0.0,0.0,0.0,0.0,0.0,0.0,0.0,0.0,0.0,0.0,0.0,0.0,0.0,0.0,0.0,0.0,0.0,0.0,0.0,0.0,0.0,0.0,0.0,0.0,0.0,0.0,0.0,0.0,0.0,0.0,0.0,0.0,0.0,0.0,0.0,0.0,0.0,0.0,0.0,0.0,0.0,0.0,0.0,0.0,0.0,0.0,0.0,0.0,0.0,0.0,67.0,67.0,67.0,67.0,67.0,67.0,67.0,66.0,66.0,66.0,68.0,68.0,68.0,68.0,68.0,87.0,89.0,89.0,89.0,89.0,90.0,90.0,90.0,90.0,90.0,90.0,90.0,68.0,68.0,79.0,81.0,81.0,90.0,90.0,90.0,23.0,23.0,43.0,43.0,43.0,44.0,44.0,40.0,40.0,40.0,72.0,75.0,76.0,76.0,36.0,9.0,9.0,10.0,9.0,9.0,10.0,10.0,10.0,10.0,10.0,10.0,24.0,24.0,41.0,31.0,68.0,68.0,70.0,90.0,91.0,128.0,152.0,152.0,152.0,109.0,109.0,109.0,131.0,131.0,131.0,105.0,107.0,104.0,104.0,105.0,119.0,120.0,120.0,120.0,119.0,119.0,119.0,121.0,121.0,122.0,122.0,123.0,123.0,75.0,75.0,75.0,75.0,75.0,75.0,75.0,47.0,47.0,48.0,47.0,47.0,47.0,47.0,47.0,47.0,47.0,47.0,47.0,47.0,48.0,48.0,48.0,48.0,48.0,48.0,48.0,48.0,48.0,48.0,48.0,48.0,48.0,39.0,39.0,39.0,39.0,39.0,39.0,39.0,39.0,39.0,39.0,36.0,36.0,36.0,36.0,36.0,36.0,36.0,36.0,36.0,36.0,36.0,36.0,36.0,36.0,36.0,36.0,36.0,36.0,36.0,36.0,36.0,36.0,36.0,36.0,79.0,79.0,79.0,79.0,79.0,30.0,28.0,28.0,28.0,28.0,28.0,28.0,28.0,27.0,27.0,27.0,27.0,27.0,27.0,27.0,27.0,27.0,27.0,27.0,27.0,25.0,25.0,25.0,25.0,25.0,25.0,25.0,25.0,90.0,89.0,89.0,89.0,89.0,89.0,115.0,115.0,115.0,116.0,116.0,96.0,79.0,79.0,79.0,79.0,79.0,79.0,79.0,79.0,79.0,93.0,89.0,82.0,36.0,36.0,36.0,36.0,72.0,72.0,96.0,96.0,97.0,97.0,101.0,101.0,101.0,101.0,101.0,101.0,101.0,80.0,80.0,81.0,81.0,81.0,81.0,113.0,113.0,112.0,62.0,62.0,62.0,61.0,61.0,61.0,61.0,61.0,61.0,64.0,44.0,44.0,44.0,44.0,44.0,42.0,42.0,42.0,42.0,42.0,42.0,42.0,42.0,42.0,42.0,42.0,42.0,43.0,43.0,43.0,43.0,43.0,43.0,40.0,40.0,40.0,40.0,41.0,41.0,41.0,41.0,41.0,6.0,6.0,6.0,6.0,6.0,6.0,6.0,4.0,4.0,4.0,4.0,4.0,4.0,4.0,4.0,4.0,4.0,4.0,4.0,4.0,3.0,3.0,3.0,3.0,3.0,3.0,1.0,1.0,1.0,0.0,0.0,0.0,0.0,0.0,0.0,0.0,0.0,0.0,0.0,0.0,0.0,0.0,0.0,0.0,0.0,0.0,0.0,0.0,0.0,0.0,0.0,0.0,0.0,0.0,0.0,0.0,0.0,0.0,0.0,0.0,0.0,0.0,0.0,0.0,0.0,0.0,0.0,0.0,0.0,0.0,0.0,0.0,0.0,0.0,0.0,0.0,0.0,0.0,0.0,0.0,0.0,0.0,0.0,0.0,0.0,0.0,0.0,0.0,0.0,0.0,0.0,0.0,0.0,0.0,0.0,0.0,0.0,0.0,0.0,0.0,0.0,0.0,0.0,0.0,0.0,0.0,0.0,0.0,0.0,0.0,0.0,0.0,0.0,0.0,0.0,0.0,0.0,0.0,0.0,0.0,0.0,0.0,0.0,0.0,0.0,0.0,0.0,0.0,0.0,0.0,0.0,0.0,0.0,0.0,0.0,0.0,0.0,0.0,0.0,0.0,0.0,0.0,0.0,0.0,0.0,0.0,0.0,0.0,0.0,0.0,0.0,0.0,0.0,0.0,0.0,0.0,0.0,0.0,0.0
212.0,212.0,212.0,212.0,212.0,212.0,212.0,212.0,212.0,212.0,212.0,212.0,212.0,212.0,212.0,212.0,212.0,212.0,212.0,212.0,212.0,212.0,212.0,210.0,210.0,210.0,210.0,210.0,210.0,210.0,210.0,210.0,210.0,210.0,210.0,210.0,211.0,211.0,211.0,211.0,211.0,211.0,211.0,211.0,211.0,211.0,211.0,147.0,147.0,147.0,148.0,146.0,146.0,146.0,146.0,145.0,145.0,145.0,145.0,145.0,146.0,146.0,146.0,145.0,145.0,146.0,146.0,146.0,146.0,145.0,145.0,142.0,142.0,142.0,142.0,142.0,142.0,142.0,142.0,142.0,142.0,142.0,142.0,142.0,142.0,142.0,142.0,142.0,142.0,142.0,143.0,146.0,146.0,146.0,146.0,144.0,144.0,144.0,144.0,144.0,144.0,144.0,144.0,144.0,144.0,144.0,144.0,144.0,144.0,144.0,144.0,140.0,140.0,140.0,140.0,140.0,140.0,140.0,140.0,140.0,140.0,140.0,140.0,140.0,96.0,96.0,96.0,95.0,95.0,95.0,95.0,95.0,96.0,95.0,95.0,95.0,95.0,95.0,65.0,65.0,65.0,86.0,86.0,44.0,44.0,44.0,44.0,45.0,45.0,31.0,36.0,36.0,36.0,35.0,35.0,35.0,35.0,35.0,35.0,35.0,32.0,32.0,32.0,32.0,32.0,32.0,32.0,32.0,32.0,36.0,36.0,32.0,32.0,32.0,32.0,32.0,32.0,32.0,29.0,29.0,29.0,29.0,29.0,18.0,17.0,17.0,17.0,17.0,17.0,17.0,17.0,17.0,17.0,17.0,3.0,10.0,10.0,10.0,10.0,10.0,10.0,10.0,10.0,10.0,10.0,9.0,8.0,8.0,8.0,8.0,8.0,8.0,8.0,8.0,8.0,8.0,8.0,8.0,8.0,8.0,8.0,7.0,7.0,6.0,6.0,6.0,6.0,1.0,8.0,8.0,5.0,5.0,5.0,4.0,4.0,4.0,4.0,4.0,4.0,4.0,4.0,4.0,4.0,4.0,9.0,8.0,6.0,4.0,3.0,3.0,3.0,3.0,3.0,3.0,3.0,3.0,3.0,3.0,3.0,3.0,3.0,3.0,3.0,3.0,3.0,3.0,3.0,3.0,3.0,3.0,3.0,3.0,3.0,3.0,3.0,3.0,3.0,3.0,3.0,3.0,3.0,3.0,3.0,3.0,3.0,3.0,3.0,3.0,3.0,3.0,3.0,3.0,3.0,3.0,3.0,3.0,3.0,3.0,3.0,3.0,3.0,3.0,3.0,3.0,3.0,2.0,2.0,2.0,2.0,2.0,2.0,2.0,2.0,2.0,2.0,2.0,2.0,2.0,2.0,2.0,2.0,2.0,2.0,2.0,2.0,2.0,2.0,2.0,2.0,2.0,2.0,2.0,2.0,2.0,2.0,2.0,2.0,2.0,2.0,2.0,2.0,2.0,2.0,2.0,2.0,2.0,2.0,0.0,0.0,0.0,0.0,0.0,0.0,0.0,0.0,0.0,0.0,0.0,0.0,0.0,0.0,0.0,0.0,0.0,0.0,0.0,0.0,0.0,0.0,0.0,0.0,0.0,0.0,0.0,0.0,0.0,0.0,0.0,0.0,0.0,0.0,0.0,0.0,0.0,0.0,0.0,0.0,0.0,0.0,0.0,0.0,0.0,0.0,0.0,0.0,0.0,0.0,0.0,0.0,0.0,0.0,0.0,0.0,0.0,0.0,0.0,0.0,0.0,0.0,0.0,0.0,0.0,0.0,0.0,0.0,0.0,0.0,0.0,0.0,0.0,0.0,0.0,0.0,0.0,0.0,0.0,0.0,0.0,0.0,0.0,0.0,0.0,0.0,0.0,0.0,0.0,0.0,0.0,0.0,0.0,0.0,0.0,0.0,0.0,0.0,0.0,0.0,0.0,0.0,0.0,0.0,0.0,0.0,0.0,0.0,0.0,0.0,0.0,0.0,0.0,0.0,0.0,0.0,0.0,0.0,0.0,0.0,0.0,0.0,0.0,0.0,0.0,0.0,0.0,0.0,0.0,0.0,0.0,0.0,0.0,0.0,0.0,0.0,0.0,0.0,0.0,0.0,0.0,0.0,0.0,0.0,0.0,0.0,0.0,0.0,0.0,0.0,0.0,0.0,0.0,0.0
6.0,6.0,6.0,6.0,6.0,6.0,6.0,6.0,6.0,6.0,6.0,6.0,6.0,6.0,6.0,6.0,6.0,6.0,6.0,6.0,6.0,6.0,6.0,6.0,6.0,6.0,6.0,6.0,6.0,6.0,6.0,6.0,6.0,6.0,6.0,6.0,6.0,6.0,6.0,6.0,6.0,6.0,6.0,6.0,6.0,6.0,6.0,6.0,6.0,6.0,6.0,6.0,6.0,6.0,6.0,6.0,6.0,6.0,6.0,6.0,6.0,6.0,6.0,6.0,6.0,6.0,6.0,6.0,6.0,6.0,6.0,6.0,6.0,6.0,6.0,6.0,6.0,6.0,6.0,6.0,6.0,6.0,6.0,6.0,6.0,6.0,6.0,6.0,6.0,6.0,6.0,6.0,6.0,6.0,6.0,6.0,6.0,6.0,6.0,6.0,6.0,6.0,6.0,6.0,6.0,6.0,6.0,6.0,6.0,6.0,6.0,6.0,6.0,6.0,6.0,6.0,6.0,6.0,6.0,6.0,6.0,6.0,6.0,6.0,6.0,6.0,27.0,27.0,27.0,27.0,27.0,29.0,29.0,29.0,29.0,9.0,9.0,9.0,9.0,9.0,9.0,9.0,9.0,9.0,9.0,9.0,9.0,9.0,9.0,9.0,9.0,7.0,7.0,7.0,7.0,7.0,7.0,9.0,9.0,9.0,9.0,9.0,9.0,9.0,9.0,9.0,9.0,9.0,9.0,9.0,9.0,9.0,9.0,8.0,8.0,7.0,7.0,7.0,7.0,7.0,7.0,7.0,7.0,7.0,7.0,7.0,7.0,7.0,7.0,7.0,7.0,7.0,7.0,9.0,9.0,9.0,9.0,91.0,86.0,87.0,87.0,87.0,87.0,68.0,68.0,68.0,68.0,68.0,66.0,66.0,66.0,66.0,66.0,64.0,64.0,64.0,64.0,50.0,49.0,49.0,84.0,84.0,78.0,78.0,78.0,78.0,76.0,76.0,76.0,76.0,76.0,76.0,76.0,76.0,76.0,76.0,76.0,76.0,65.0,65.0,65.0,65.0,28.0,86.0,86.0,86.0,86.0,86.0,86.0,86.0,86.0,86.0,87.0,87.0,87.0,122.0,119.0,119.0,130.0,130.0,130.0,130.0,169.0,172.0,172.0,173.0,152.0,152.0,152.0,152.0,152.0,163.0,163.0,163.0,163.0,163.0,163.0,165.0,165.0,165.0,163.0,163.0,163.0,152.0,152.0,155.0,153.0,153.0,153.0,153.0,154.0,154.0,154.0,154.0,114.0,114.0,114.0,114.0,109.0,109.0,109.0,124.0,124.0,124.0,139.0,139.0,139.0,141.0,141.0,141.0,141.0,143.0,143.0,143.0,143.0,143.0,142.0,142.0,91.0,91.0,91.0,91.0,112.0,112.0,110.0,107.0,107.0,108.0,108.0,108.0,108.0,108.0,108.0,108.0,108.0,108.0,108.0,107.0,107.0,170.0,170.0,170.0,170.0,170.0,170.0,173.0,173.0,173.0,173.0,173.0,173.0,173.0,174.0,194.0,193.0,193.0,193.0,194.0,194.0,195.0,192.0,192.0,192.0,192.0,192.0,192.0,192.0,192.0,192.0,192.0,192.0,192.0,192.0,192.0,192.0,192.0,192.0,192.0,192.0,192.0,192.0,192.0,192.0,192.0,174.0,174.0,174.0,195.0,195.0,195.0,195.0,195.0,195.0,195.0,195.0,195.0,195.0,195.0,195.0,195.0,195.0,195.0,195.0,195.0,195.0,195.0,195.0,195.0,195.0,195.0,195.0,195.0,195.0,195.0,195.0,195.0,195.0,195.0,195.0,195.0,195.0,195.0,195.0,158.0,158.0,158.0,156.0,157.0,157.0,157.0,157.0,157.0,157.0,156.0,156.0,156.0,168.0,168.0,168.0,168.0,169.0,169.0,169.0,169.0,170.0,170.0,165.0,165.0,165.0,165.0,165.0,165.0,154.0,154.0,154.0,154.0,154.0,154.0,119.0,119.0,119.0,119.0,119.0,119.0,119.0,119.0,110.0,110.0,110.0,110.0,108.0,128.0,128.0,128.0,128.0,128.0,148.0,150.0,150.0,150.0,150.0,150.0,150.0,152.0,152.0,152.0,152.0,152.0,152.0,156.0,156.0,143.0,134.0,155.0,110.0,110.0,110.0,110.0,110.0,135.0,135.0
0.0,0.0,0.0,0.0,0.0,0.0,0.0,0.0,0.0,0.0,0.0,0.0,0.0,0.0,0.0,0.0,0.0,0.0,0.0,0.0,0.0,0.0,0.0,2.0,2.0,2.0,2.0,2.0,2.0,2.0,2.0,2.0,2.0,2.0,2.0,2.0,1.0,1.0,1.0,1.0,1.0,1.0,1.0,1.0,1.0,1.0,1.0,65.0,65.0,65.0,64.0,66.0,66.0,66.0,66.0,67.0,67.0,67.0,67.0,67.0,66.0,66.0,66.0,67.0,67.0,66.0,66.0,66.0,66.0,67.0,67.0,70.0,70.0,70.0,70.0,70.0,70.0,70.0,70.0,70.0,70.0,70.0,70.0,70.0,70.0,70.0,70.0,70.0,70.0,70.0,69.0,66.0,66.0,66.0,66.0,68.0,68.0,68.0,68.0,68.0,68.0,68.0,68.0,68.0,68.0,68.0,68.0,68.0,68.0,68.0,68.0,72.0,72.0,72.0,72.0,72.0,72.0,72.0,72.0,72.0,72.0,72.0,72.0,72.0,116.0,116.0,95.0,96.0,96.0,96.0,96.0,94.0,93.0,94.0,94.0,114.0,114.0,114.0,144.0,144.0,144.0,123.0,123.0,165.0,165.0,165.0,165.0,164.0,164.0,178.0,173.0,175.0,175.0,176.0,176.0,176.0,176.0,174.0,174.0,174.0,177.0,177.0,177.0,177.0,177.0,177.0,177.0,177.0,177.0,173.0,173.0,177.0,177.0,178.0,178.0,179.0,179.0,179.0,182.0,182.0,182.0,182.0,182.0,193.0,194.0,194.0,194.0,194.0,194.0,194.0,194.0,194.0,194.0,192.0,206.0,199.0,199.0,117.0,122.0,121.0,121.0,121.0,121.0,140.0,140.0,141.0,142.0,142.0,144.0,144.0,144.0,144.0,144.0,146.0,146.0,146.0,146.0,160.0,161.0,161.0,126.0,127.0,133.0,134.0,134.0,134.0,136.0,141.0,134.0,134.0,137.0,137.0,137.0,138.0,138.0,138.0,138.0,138.0,149.0,149.0,149.0,149.0,186.0,128.0,123.0,124.0,126.0,128.0,129.0,129.0,129.0,129.0,128.0,128.0,128.0,93.0,96.0,96.0,85.0,85.0,85.0,85.0,46.0,43.0,43.0,42.0,63.0,63.0,63.0,63.0,63.0,52.0,52.0,52.0,52.0,52.0,52.0,50.0,50.0,50.0,52.0,52.0,52.0,63.0,63.0,60.0,62.0,62.0,62.0,62.0,61.0,61.0,61.0,61.0,101.0,101.0,101.0,101.0,106.0,106.0,106.0,91.0,91.0,91.0,76.0,77.0,77.0,75.0,75.0,75.0,75.0,73.0,73.0,73.0,73.0,73.0,74.0,74.0,125.0,125.0,125.0,125.0,104.0,104.0,106.0,109.0,109.0,108.0,108.0,108.0,108.0,108.0,108.0,108.0,108.0,108.0,108.0,109.0,109.0,46.0,46.0,46.0,46.0,46.0,46.0,43.0,43.0,45.0,45.0,45.0,45.0,45.0,44.0,24.0,25.0,25.0,25.0,24.0,24.0,23.0,26.0,26.0,26.0,26.0,26.0,26.0,26.0,26.0,26.0,26.0,26.0,26.0,26.0,26.0,26.0,26.0,26.0,26.0,26.0,26.0,26.0,26.0,26.0,26.0,44.0,44.0,44.0,23.0,23.0,23.0,23.0,23.0,23.0,23.0,23.0,23.0,23.0,23.0,23.0,23.0,23.0,23.0,23.0,23.0,23.0,23.0,23.0,23.0,23.0,23.0,23.0,23.0,23.0,23.0,23.0,23.0,23.0,23.0,23.0,23.0,23.0,23.0,23.0,60.0,60.0,60.0,62.0,61.0,61.0,61.0,61.0,61.0,61.0,62.0,62.0,62.0,50.0,50.0,50.0,50.0,49.0,49.0,49.0,49.0,48.0,48.0,53.0,53.0,53.0,53.0,53.0,53.0,64.0,64.0,64.0,64.0,64.0,64.0,99.0,99.0,99.0,99.0,99.0,99.0,99.0,99.0,108.0,108.0,108.0,108.0,110.0,90.0,90.0,90.0,90.0,90.0,70.0,68.0,68.0,68.0,68.0,68.0,68.0,66.0,66.0,66.0,66.0,66.0,66.0,62.0,62.0,75.0,84.0,63.0,108.0,108.0,108.0,108.0,108.0,83.0,83.0
212.0,212.0,212.0,212.0,212.0,212.0,212.0,212.0,212.0,212.0,212.0,212.0,212.0,212.0,212.0,212.0,212.0,212.0,212.0,212.0,212.0,206.0,206.0,206.0,207.0,207.0,207.0,207.0,207.0,207.0,207.0,207.0,207.0,207.0,207.0,207.0,186.0,186.0,142.0,142.0,141.0,141.0,141.0,141.0,140.0,140.0,140.0,140.0,140.0,140.0,140.0,140.0,140.0,140.0,140.0,140.0,140.0,140.0,140.0,140.0,167.0,167.0,166.0,166.0,166.0,142.0,142.0,142.0,142.0,142.0,127.0,127.0,127.0,83.0,81.0,81.0,81.0,81.0,83.0,83.0,83.0,83.0,83.0,83.0,83.0,83.0,82.0,82.0,82.0,42.0,42.0,42.0,41.0,41.0,40.0,40.0,40.0,40.0,43.0,43.0,43.0,43.0,41.0,41.0,41.0,41.0,41.0,41.0,41.0,40.0,40.0,40.0,43.0,27.0,27.0,50.0,50.0,50.0,50.0,50.0,50.0,50.0,50.0,50.0,50.0,50.0,50.0,4.0,4.0,4.0,4.0,4.0,4.0,4.0,4.0,6.0,6.0,6.0,6.0,8.0,8.0,8.0,7.0,7.0,7.0,7.0,7.0,7.0,6.0,6.0,6.0,6.0,6.0,6.0,6.0,6.0,4.0,4.0,4.0,4.0,4.0,4.0,3.0,3.0,3.0,3.0,3.0,3.0,4.0,4.0,4.0,4.0,3.0,3.0,3.0,2.0,2.0,2.0,2.0,2.0,2.0,1.0,1.0,1.0,1.0,1.0,1.0,1.0,1.0,0.0,0.0,0.0,0.0,0.0,5.0,5.0,2.0,2.0,2.0,2.0,2.0,0.0,0.0,0.0,0.0,0.0,0.0,0.0,0.0,0.0,0.0,0.0,0.0,0.0,0.0,0.0,0.0,0.0,0.0,0.0,0.0,0.0,0.0,0.0,0.0,0.0,0.0,0.0,0.0,0.0,0.0,0.0,0.0,0.0,0.0,0.0,0.0,0.0,0.0,0.0,0.0,0.0,0.0,0.0,0.0,0.0,0.0,0.0,0.0,0.0,0.0,0.0,0.0,0.0,0.0,0.0,0.0,0.0,0.0,0.0,0.0,0.0,0.0,0.0,0.0,0.0,0.0,0.0,0.0,0.0,0.0,0.0,0.0,0.0,0.0,0.0,0.0,0.0,0.0,0.0,0.0,0.0,0.0,0.0,0.0,0.0,0.0,0.0,0.0,0.0,0.0,0.0,0.0,0.0,0.0,0.0,0.0,0.0,0.0,0.0,0.0,0.0,0.0,0.0,0.0,0.0,0.0,0.0,0.0,0.0,0.0,0.0,0.0,0.0,0.0,0.0,0.0,0.0,0.0,0.0,0.0,0.0,0.0,0.0,0.0,0.0,0.0,0.0,0.0,0.0,0.0,0.0,0.0,0.0,0.0,0.0,0.0,0.0,0.0,0.0,0.0,0.0,0.0,0.0,0.0,0.0,0.0,0.0,0.0,0.0,0.0,0.0,0.0,0.0,0.0,0.0,0.0,0.0,0.0,0.0,0.0,0.0,0.0,0.0,0.0,0.0,0.0,0.0,0.0,0.0,0.0,0.0,0.0,0.0,0.0,0.0,0.0,0.0,0.0,0.0,0.0,0.0,0.0,0.0,0.0,0.0,0.0,0.0,0.0,0.0,0.0,0.0,0.0,0.0,0.0,0.0,0.0,0.0,0.0,0.0,0.0,0.0,0.0,0.0,0.0,0.0,0.0,0.0,0.0,0.0,0.0,0.0,0.0,0.0,0.0,0.0,0.0,0.0,0.0,0.0,0.0,0.0,0.0,0.0,0.0,0.0,0.0,0.0,0.0,0.0,0.0,0.0,0.0,0.0,0.0,0.0,0.0,0.0,0.0,0.0,0.0,0.0,0.0,0.0,0.0,0.0,0.0,0.0,0.0,0.0,0.0,0.0,0.0,0.0,0.0,0.0,0.0,0.0,0.0,0.0,0.0,0.0,0.0,0.0,0.0,0.0,0.0,0.0,0.0,0.0,0.0,0.0,0.0,0.0,0.0,0.0,0.0,0.0,0.0,0.0,0.0,0.0,0.0,0.0,0.0,0.0,0.0,0.0,0.0,0.0,0.0,0.0,0.0,0.0,0.0,0.0,0.0,0.0,0.0,0.0,0.0
6.0,6.0,6.0,6.0,6.0,6.0,6.0,6.0,6.0,6.0,6.0,6.0,6.0,6.0,6.0,6.0,6.0,6.0,6.0,6.0,6.0,6.0,6.0,6.0,6.0,6.0,6.0,6.0,6.0,6.0,6.0,6.0,6.0,6.0,6.0,6.0,6.0,6.0,6.0,6.0,6.0,6.0,6.0,6.0,6.0,6.0,6.0,6.0,6.0,6.0,6.0,6.0,6.0,6.0,6.0,6.0,6.0,6.0,6.0,6.0,6.0,6.0,6.0,6.0,6.0,6.0,6.0,6.0,12.0,12.0,12.0,12.0,12.0,12.0,12.0,12.0,12.0,59.0,59.0,59.0,59.0,59.0,59.0,45.0,67.0,67.0,67.0,67.0,67.0,67.0,67.0,66.0,66.0,39.0,39.0,40.0,40.0,64.0,64.0,64.0,89.0,70.0,70.0,70.0,70.0,70.0,70.0,70.0,68.0,68.0,68.0,68.0,68.0,68.0,68.0,68.0,68.0,68.0,68.0,89.0,89.0,89.0,89.0,89.0,89.0,63.0,63.0,63.0,63.0,63.0,63.0,63.0,63.0,63.0,63.0,63.0,64.0,64.0,45.0,45.0,45.0,45.0,45.0,45.0,43.0,43.0,42.0,23.0,23.0,23.0,23.0,23.0,23.0,23.0,23.0,23.0,23.0,23.0,24.0,24.0,24.0,61.0,61.0,61.0,54.0,54.0,54.0,54.0,54.0,54.0,54.0,54.0,54.0,54.0,54.0,54.0,54.0,54.0,54.0,54.0,54.0,54.0,54.0,78.0,78.0,78.0,78.0,78.0,78.0,78.0,78.0,78.0,75.0,75.0,75.0,71.0,71.0,71.0,71.0,71.0,68.0,68.0,55.0,55.0,55.0,90.0,89.0,89.0,89.0,89.0,89.0,68.0,71.0,71.0,89.0,89.0,89.0,89.0,166.0,168.0,168.0,168.0,168.0,168.0,168.0,168.0,168.0,168.0,168.0,168.0,168.0,148.0,148.0,148.0,148.0,147.0,147.0,146.0,146.0,146.0,146.0,146.0,146.0,146.0,150.0,151.0,151.0,170.0,170.0,147.0,147.0,147.0,151.0,151.0,151.0,151.0,151.0,151.0,151.0,149.0,149.0,151.0,151.0,151.0,152.0,188.0,188.0,188.0,188.0,188.0,188.0,188.0,188.0,188.0,155.0,155.0,155.0,155.0,155.0,155.0,155.0,155.0,155.0,120.0,83.0,51.0,51.0,51.0,100.0,100.0,100.0,100.0,100.0,99.0,154.0,178.0,178.0,178.0,178.0,181.0,181.0,181.0,181.0,181.0,181.0,181.0,181.0,181.0,181.0,144.0,144.0,144.0,144.0,144.0,145.0,113.0,113.0,113.0,135.0,135.0,135.0,135.0,149.0,149.0,149.0,149.0,165.0,165.0,165.0,165.0,165.0,165.0,165.0,165.0,165.0,165.0,165.0,165.0,165.0,165.0,165.0,165.0,165.0,165.0,165.0,165.0,165.0,165.0,165.0,134.0,134.0,135.0,135.0,136.0,157.0,104.0,104.0,104.0,104.0,104.0,105.0,105.0,105.0,105.0,105.0,105.0,110.0,110.0,110.0,110.0,110.0,105.0,55.0,139.0,141.0,141.0,157.0,157.0,157.0,157.0,157.0,157.0,157.0,157.0,150.0,176.0,176.0,176.0,150.0,150.0,146.0,146.0,147.0,147.0,147.0,147.0,147.0,147.0,147.0,203.0,203.0,203.0,212.0,212.0,216.0,216.0,216.0,216.0,216.0,216.0,216.0,216.0,216.0,216.0,216.0,216.0,216.0,216.0,216.0,216.0,197.0,198.0,198.0,198.0,198.0,198.0,198.0,198.0,198.0,174.0,193.0,193.0,193.0,191.0,191.0,191.0,191.0,191.0,192.0,192.0,192.0,192.0,192.0,192.0,193.0,193.0,193.0,206.0,206.0,206.0,206.0,206.0,216.0,216.0,216.0,216.0,216.0,216.0,216.0,216.0,216.0,216.0,216.0,216.0,216.0,216.0,197.0,197.0,197.0,197.0,197.0,197.0,197.0,197.0,197.0,197.0,197.0,197.0,197.0,197.0,197.0,197.0,197.0,197.0,198.0,198.0,198.0,197.0,197.0,197.0,197.0,197.0,197.0,197.0,197.0,197.0,197.0,197.0,197.0,207.0,207.0
0.0,0.0,0.0,0.0,0.0,0.0,0.0,0.0,0.0,0.0,0.0,0.0,0.0,0.0,0.0,0.0,0.0,0.0,0.0,0.0,0.0,6.0,6.0,6.0,5.0,5.0,5.0,5.0,5.0,5.0,5.0,5.0,5.0,5.0,5.0,5.0,26.0,26.0,70.0,70.0,71.0,71.0,71.0,71.0,72.0,72.0,72.0,72.0,72.0,72.0,72.0,72.0,72.0,72.0,72.0,72.0,72.0,72.0,72.0,72.0,45.0,45.0,46.0,46.0,46.0,70.0,70.0,70.0,64.0,64.0,79.0,79.0,79.0,123.0,125.0,125.0,125.0,78.0,76.0,76.0,76.0,76.0,76.0,90.0,68.0,68.0,69.0,69.0,69.0,109.0,109.0,110.0,111.0,138.0,139.0,138.0,138.0,114.0,111.0,111.0,86.0,105.0,107.0,107.0,107.0,107.0,107.0,107.0,109.0,110.0,110.0,110.0,107.0,123.0,123.0,100.0,100.0,100.0,100.0,79.0,79.0,79.0,79.0,79.0,79.0,105.0,105.0,151.0,151.0,151.0,151.0,151.0,151.0,151.0,151.0,149.0,148.0,148.0,167.0,165.0,165.0,165.0,166.0,166.0,168.0,168.0,169.0,188.0,189.0,189.0,189.0,189.0,189.0,189.0,189.0,189.0,191.0,191.0,190.0,190.0,190.0,153.0,154.0,154.0,161.0,161.0,161.0,161.0,160.0,160.0,160.0,160.0,161.0,161.0,161.0,162.0,162.0,162.0,162.0,162.0,162.0,163.0,163.0,139.0,139.0,139.0,139.0,139.0,139.0,140.0,140.0,140.0,143.0,143.0,138.0,142.0,145.0,145.0,145.0,145.0,148.0,150.0,163.0,163.0,163.0,128.0,129.0,129.0,129.0,129.0,129.0,150.0,147.0,147.0,129.0,129.0,129.0,129.0,52.0,50.0,50.0,50.0,50.0,50.0,50.0,50.0,50.0,50.0,50.0,50.0,50.0,70.0,70.0,70.0,70.0,71.0,71.0,72.0,72.0,72.0,72.0,72.0,72.0,72.0,68.0,67.0,67.0,48.0,48.0,71.0,71.0,71.0,67.0,67.0,67.0,67.0,67.0,67.0,67.0,69.0,69.0,67.0,67.0,67.0,66.0,30.0,30.0,30.0,30.0,30.0,30.0,30.0,30.0,30.0,63.0,63.0,63.0,63.0,63.0,63.0,63.0,63.0,63.0,98.0,135.0,167.0,167.0,167.0,118.0,118.0,118.0,118.0,118.0,119.0,64.0,40.0,40.0,40.0,40.0,37.0,37.0,37.0,37.0,37.0,37.0,37.0,37.0,37.0,37.0,74.0,74.0,74.0,74.0,74.0,73.0,105.0,105.0,105.0,83.0,83.0,83.0,83.0,69.0,69.0,69.0,69.0,53.0,53.0,53.0,53.0,53.0,53.0,53.0,53.0,53.0,53.0,53.0,53.0,53.0,53.0,53.0,53.0,53.0,53.0,53.0,53.0,53.0,53.0,53.0,84.0,84.0,83.0,83.0,82.0,61.0,114.0,114.0,114.0,114.0,114.0,113.0,113.0,113.0,113.0,113.0,113.0,108.0,108.0,108.0,108.0,108.0,113.0,163.0,79.0,77.0,77.0,61.0,61.0,61.0,61.0,61.0,61.0,61.0,61.0,68.0,42.0,42.0,42.0,68.0,68.0,72.0,72.0,71.0,71.0,71.0,71.0,71.0,71.0,71.0,15.0,15.0,15.0,6.0,6.0,2.0,2.0,2.0,2.0,2.0,2.0,2.0,2.0,2.0,2.0,2.0,2.0,2.0,2.0,2.0,2.0,21.0,20.0,20.0,20.0,20.0,20.0,20.0,20.0,20.0,44.0,25.0,25.0,25.0,27.0,27.0,27.0,27.0,27.0,26.0,26.0,26.0,26.0,26.0,26.0,25.0,25.0,25.0,12.0,12.0,12.0,12.0,12.0,2.0,2.0,2.0,2.0,2.0,2.0,2.0,2.0,2.0,2.0,2.0,2.0,2.0,2.0,21.0,21.0,21.0,21.0,21.0,21.0,21.0,21.0,21.0,21.0,21.0,21.0,21.0,21.0,21.0,21.0,21.0,21.0,20.0,20.0,20.0,21.0,21.0,21.0,21.0,21.0,21.0,21.0,21.0,21.0,21.0,21.0,21.0,11.0,11.0
212.0,212.0,212.0,212.0,212.0,212.0,212.0,212.0,212.0,212.0,212.0,212.0,212.0,212.0,212.0,212.0,212.0,212.0,212.0,212.0,212.0,212.0,212.0,212.0,212.0,212.0,212.0,212.0,212.0,212.0,212.0,212.0,212.0,212.0,212.0,212.0,212.0,212.0,212.0,212.0,212.0,212.0,212.0,212.0,212.0,212.0,212.0,212.0,212.0,212.0,190.0,190.0,190.0,190.0,190.0,190.0,190.0,190.0,190.0,192.0,192.0,190.0,190.0,190.0,190.0,190.0,190.0,190.0,190.0,190.0,190.0,190.0,190.0,190.0,190.0,190.0,190.0,190.0,190.0,190.0,190.0,190.0,190.0,190.0,190.0,190.0,190.0,190.0,190.0,190.0,190.0,190.0,190.0,190.0,190.0,190.0,190.0,190.0,190.0,190.0,190.0,190.0,190.0,190.0,190.0,190.0,190.0,190.0,190.0,190.0,190.0,190.0,190.0,190.0,190.0,190.0,190.0,190.0,190.0,190.0,190.0,190.0,190.0,190.0,190.0,190.0,190.0,190.0,190.0,190.0,167.0,167.0,167.0,167.0,167.0,167.0,167.0,167.0,167.0,167.0,102.0,102.0,102.0,102.0,102.0,101.0,101.0,101.0,101.0,101.0,101.0,77.0,77.0,77.0,77.0,77.0,77.0,77.0,77.0,64.0,64.0,64.0,64.0,64.0,64.0,64.0,64.0,64.0,64.0,64.0,64.0,64.0,63.0,63.0,61.0,61.0,61.0,61.0,26.0,26.0,25.0,25.0,25.0,25.0,25.0,25.0,25.0,25.0,25.0,25.0,25.0,25.0,25.0,25.0,25.0,25.0,25.0,25.0,25.0,25.0,25.0,25.0,25.0,25.0,25.0,25.0,25.0,25.0,25.0,25.0,25.0,25.0,25.0,25.0,25.0,25.0,25.0,25.0,25.0,25.0,25.0,21.0,21.0,21.0,21.0,21.0,21.0,21.0,21.0,21.0,21.0,21.0,21.0,21.0,21.0,20.0,24.0,24.0,24.0,24.0,24.0,24.0,21.0,21.0,21.0,23.0,23.0,23.0,23.0,23.0,23.0,26.0,26.0,26.0,26.0,26.0,26.0,8.0,8.0,8.0,8.0,8.0,8.0,8.0,8.0,8.0,8.0,8.0,8.0,7.0,7.0,7.0,7.0,7.0,7.0,7.0,7.0,7.0,8.0,8.0,8.0,8.0,9.0,6.0,6.0,6.0,6.0,6.0,6.0,6.0,6.0,6.0,6.0,5.0,4.0,4.0,4.0,4.0,4.0,4.0,3.0,3.0,3.0,3.0,3.0,3.0,3.0,3.0,3.0,3.0,2.0,5.0,10.0,10.0,10.0,10.0,10.0,10.0,9.0,9.0,9.0,9.0,7.0,7.0,7.0,7.0,6.0,6.0,6.0,6.0,3.0,3.0,3.0,3.0,3.0,3.0,3.0,3.0,3.0,3.0,3.0,3.0,3.0,3.0,3.0,3.0,2.0,2.0,2.0,2.0,2.0,2.0,2.0,2.0,2.0,2.0,2.0,2.0,2.0,2.0,2.0,2.0,2.0,2.0,2.0,2.0,2.0,2.0,2.0,2.0,2.0,2.0,2.0,2.0,2.0,2.0,2.0,2.0,2.0,2.0,2.0,2.0,2.0,2.0,2.0,2.0,2.0,2.0,2.0,2.0,2.0,2.0,2.0,2.0,2.0,2.0,2.0,2.0,2.0,2.0,2.0,2.0,2.0,2.0,2.0,2.0,2.0,2.0,2.0,2.0,0.0,0.0,0.0,0.0,0.0,0.0,0.0,0.0,0.0,0.0,7.0,7.0,6.0,3.0,3.0,3.0,0.0,0.0,0.0,0.0,0.0,0.0,0.0,0.0,0.0,0.0,0.0,0.0,0.0,0.0,0.0,0.0,0.0,0.0,0.0,0.0,0.0,0.0,0.0,0.0,0.0,0.0,0.0,0.0,0.0,0.0,0.0,0.0,0.0,0.0,0.0,0.0,0.0,0.0,0.0,0.0,0.0,0.0,0.0,0.0,0.0,0.0,0.0,0.0,0.0,0.0,0.0,0.0,0.0,0.0,0.0,0.0,0.0,0.0,0.0,0.0,0.0,0.0,0.0,0.0,0.0,0.0,0.0,0.0,0.0,0.0,0.0,0.0,0.0,0.0,0.0
6.0,6.0,6.0,6.0,6.0,6.0,6.0,6.0,6.0,6.0,6.0,6.0,6.0,6.0,6.0,6.0,6.0,6.0,6.0,6.0,6.0,6.0,6.0,6.0,6.0,6.0,6.0,6.0,6.0,6.0,6.0,6.0,6.0,6.0,6.0,6.0,6.0,6.0,6.0,6.0,6.0,6.0,6.0,6.0,6.0,6.0,6.0,6.0,6.0,6.0,6.0,6.0,6.0,6.0,6.0,6.0,6.0,6.0,6.0,6.0,6.0,6.0,6.0,6.0,6.0,6.0,6.0,6.0,6.0,6.0,6.0,6.0,6.0,6.0,6.0,6.0,6.0,6.0,6.0,6.0,6.0,6.0,6.0,6.0,6.0,6.0,6.0,6.0,6.0,6.0,6.0,6.0,6.0,6.0,6.0,6.0,6.0,6.0,6.0,6.0,6.0,6.0,6.0,6.0,6.0,6.0,6.0,6.0,6.0,6.0,6.0,6.0,6.0,6.0,6.0,6.0,6.0,6.0,6.0,6.0,6.0,6.0,28.0,28.0,28.0,28.0,28.0,18.0,18.0,18.0,18.0,18.0,18.0,18.0,18.0,18.0,18.0,18.0,18.0,18.0,18.0,18.0,18.0,18.0,18.0,18.0,18.0,18.0,18.0,18.0,18.0,18.0,18.0,18.0,18.0,18.0,18.0,8.0,8.0,8.0,8.0,6.0,6.0,6.0,6.0,6.0,6.0,6.0,6.0,6.0,6.0,9.0,9.0,9.0,9.0,9.0,9.0,9.0,9.0,8.0,8.0,8.0,8.0,8.0,8.0,8.0,7.0,7.0,29.0,29.0,9.0,9.0,9.0,9.0,9.0,8.0,13.0,13.0,97.0,97.0,97.0,97.0,119.0,119.0,102.0,102.0,102.0,102.0,106.0,102.0,102.0,101.0,115.0,95.0,71.0,70.0,70.0,70.0,70.0,69.0,69.0,69.0,69.0,69.0,47.0,48.0,7.0,7.0,7.0,6.0,6.0,6.0,6.0,6.0,6.0,6.0,6.0,6.0,9.0,9.0,9.0,9.0,9.0,9.0,9.0,9.0,9.0,9.0,9.0,9.0,9.0,9.0,9.0,8.0,8.0,8.0,8.0,8.0,6.0,6.0,6.0,6.0,6.0,74.0,74.0,74.0,74.0,73.0,73.0,73.0,73.0,72.0,72.0,72.0,72.0,72.0,72.0,72.0,72.0,71.0,71.0,71.0,71.0,71.0,71.0,74.0,73.0,73.0,73.0,73.0,50.0,50.0,50.0,50.0,50.0,27.0,25.0,25.0,25.0,28.0,28.0,28.0,28.0,28.0,28.0,28.0,25.0,25.0,27.0,27.0,27.0,27.0,27.0,49.0,49.0,49.0,49.0,89.0,89.0,79.0,79.0,79.0,79.0,79.0,79.0,79.0,79.0,79.0,79.0,79.0,79.0,79.0,79.0,79.0,40.0,63.0,64.0,64.0,122.0,91.0,91.0,92.0,112.0,112.0,112.0,134.0,134.0,154.0,154.0,154.0,154.0,154.0,155.0,155.0,155.0,156.0,156.0,156.0,138.0,138.0,138.0,149.0,138.0,138.0,133.0,133.0,133.0,136.0,136.0,136.0,137.0,134.0,135.0,134.0,189.0,190.0,190.0,190.0,190.0,190.0,190.0,190.0,190.0,190.0,190.0,190.0,190.0,192.0,192.0,192.0,192.0,192.0,192.0,192.0,192.0,192.0,192.0,192.0,192.0,192.0,192.0,193.0,193.0,193.0,193.0,191.0,191.0,191.0,191.0,191.0,191.0,191.0,191.0,191.0,191.0,191.0,191.0,191.0,191.0,191.0,191.0,191.0,191.0,191.0,191.0,191.0,191.0,191.0,191.0,191.0,192.0,192.0,192.0,192.0,192.0,192.0,192.0,192.0,192.0,192.0,192.0,192.0,192.0,192.0,192.0,192.0,192.0,192.0,195.0,195.0,195.0,195.0,195.0,195.0,195.0,195.0,195.0,195.0,195.0,195.0,195.0,198.0,198.0,198.0,198.0,198.0,198.0,198.0,198.0,198.0,198.0,198.0,198.0,198.0,198.0,198.0,198.0,198.0,198.0,198.0,198.0,198.0,198.0,198.0,198.0,198.0,198.0,198.0,198.0,198.0,198.0,198.0,198.0,198.0,198.0,198.0,198.0,198.0,198.0,134.0,134.0
0.0,0.0,0.0,0.0,0.0,0.0,0.0,0.0,0.0,0.0,0.0,0.0,0.0,0.0,0.0,0.0,0.0,0.0,0.0,0.0,0.0,0.0,0.0,0.0,0.0,0.0,0.0,0.0,0.0,0.0,0.0,0.0,0.0,0.0,0.0,0.0,0.0,0.0,0.0,0.0,0.0,0.0,0.0,0.0,0.0,0.0,0.0,0.0,0.0,0.0,22.0,22.0,22.0,22.0,22.0,22.0,22.0,22.0,22.0,20.0,20.0,22.0,22.0,22.0,22.0,22.0,22.0,22.0,22.0,22.0,22.0,22.0,22.0,22.0,22.0,22.0,22.0,22.0,22.0,22.0,22.0,22.0,22.0,22.0,22.0,22.0,22.0,22.0,22.0,22.0,22.0,22.0,22.0,22.0,22.0,22.0,22.0,22.0,22.0,22.0,22.0,22.0,22.0,22.0,22.0,22.0,22.0,22.0,22.0,22.0,22.0,22.0,22.0,22.0,22.0,22.0,22.0,22.0,22.0,22.0,22.0,22.0,0.0,0.0,0.0,0.0,0.0,10.0,10.0,10.0,33.0,33.0,33.0,33.0,33.0,33.0,33.0,33.0,33.0,33.0,98.0,98.0,98.0,98.0,98.0,99.0,99.0,99.0,99.0,99.0,99.0,123.0,123.0,123.0,123.0,123.0,123.0,133.0,133.0,146.0,146.0,148.0,148.0,148.0,148.0,148.0,148.0,148.0,148.0,148.0,148.0,145.0,146.0,146.0,148.0,148.0,148.0,148.0,183.0,184.0,185.0,185.0,185.0,185.0,185.0,185.0,186.0,186.0,164.0,164.0,184.0,184.0,184.0,184.0,184.0,185.0,180.0,180.0,96.0,96.0,96.0,96.0,74.0,74.0,91.0,91.0,91.0,91.0,87.0,91.0,91.0,92.0,78.0,98.0,122.0,123.0,123.0,123.0,123.0,124.0,124.0,128.0,128.0,128.0,150.0,149.0,190.0,190.0,190.0,191.0,191.0,191.0,191.0,191.0,191.0,192.0,188.0,188.0,185.0,185.0,185.0,185.0,188.0,188.0,188.0,186.0,186.0,186.0,186.0,186.0,186.0,183.0,183.0,184.0,184.0,184.0,184.0,202.0,204.0,204.0,204.0,204.0,204.0,136.0,136.0,136.0,136.0,137.0,137.0,138.0,138.0,139.0,139.0,139.0,139.0,139.0,139.0,139.0,138.0,139.0,139.0,139.0,138.0,141.0,141.0,138.0,139.0,139.0,139.0,139.0,162.0,162.0,162.0,163.0,164.0,187.0,189.0,189.0,189.0,186.0,187.0,187.0,187.0,187.0,187.0,187.0,190.0,190.0,188.0,188.0,189.0,186.0,181.0,159.0,159.0,159.0,159.0,119.0,120.0,130.0,130.0,130.0,132.0,132.0,132.0,132.0,133.0,133.0,133.0,133.0,136.0,136.0,136.0,136.0,175.0,152.0,151.0,151.0,93.0,124.0,124.0,123.0,103.0,103.0,103.0,81.0,82.0,62.0,62.0,62.0,62.0,62.0,61.0,61.0,61.0,60.0,60.0,60.0,78.0,78.0,78.0,67.0,78.0,78.0,83.0,83.0,83.0,80.0,80.0,80.0,79.0,82.0,81.0,82.0,27.0,26.0,26.0,26.0,26.0,26.0,26.0,26.0,26.0,26.0,26.0,26.0,26.0,24.0,24.0,24.0,24.0,24.0,24.0,24.0,24.0,24.0,24.0,24.0,24.0,24.0,24.0,23.0,23.0,23.0,23.0,25.0,25.0,25.0,25.0,25.0,27.0,27.0,27.0,27.0,27.0,27.0,27.0,27.0,27.0,27.0,20.0,20.0,21.0,24.0,24.0,24.0,27.0,27.0,27.0,27.0,26.0,26.0,26.0,26.0,26.0,26.0,26.0,26.0,26.0,26.0,26.0,26.0,26.0,26.0,26.0,26.0,26.0,26.0,23.0,23.0,23.0,23.0,23.0,23.0,23.0,23.0,23.0,23.0,23.0,23.0,23.0,20.0,20.0,20.0,20.0,20.0,20.0,20.0,20.0,20.0,20.0,20.0,20.0,20.0,20.0,20.0,20.0,20.0,20.0,20.0,20.0,20.0,20.0,20.0,20.0,20.0,20.0,20.0,20.0,20.0,20.0,20.0,20.0,20.0,20.0,20.0,20.0,20.0,20.0,84.0,84.0
212.0,212.0,212.0,212.0,212.0,212.0,212.0,212.0,212.0,212.0,212.0,212.0,212.0,212.0,212.0,212.0,212.0,212.0,212.0,212.0,212.0,212.0,212.0,212.0,212.0,212.0,212.0,212.0,212.0,212.0,212.0,212.0,212.0,212.0,212.0,212.0,212.0,212.0,212.0,212.0,212.0,212.0,212.0,212.0,212.0,212.0,212.0,212.0,212.0,212.0,212.0,212.0,212.0,212.0,212.0,212.0,212.0,126.0,126.0,126.0,126.0,126.0,125.0,125.0,125.0,125.0,103.0,101.0,101.0,100.0,100.0,100.0,100.0,100.0,100.0,78.0,78.0,76.0,73.0,73.0,73.0,73.0,31.0,31.0,20.0,20.0,20.0,20.0,20.0,20.0,20.0,20.0,20.0,20.0,20.0,20.0,20.0,20.0,20.0,20.0,20.0,20.0,20.0,20.0,20.0,20.0,21.0,20.0,20.0,20.0,20.0,20.0,21.0,21.0,21.0,21.0,21.0,21.0,21.0,21.0,21.0,21.0,20.0,20.0,20.0,20.0,20.0,20.0,20.0,20.0,20.0,20.0,20.0,20.0,20.0,20.0,20.0,20.0,20.0,19.0,19.0,19.0,19.0,19.0,19.0,19.0,19.0,19.0,19.0,19.0,19.0,19.0,19.0,19.0,19.0,19.0,19.0,19.0,19.0,19.0,19.0,19.0,19.0,19.0,19.0,19.0,19.0,19.0,2.0,2.0,2.0,2.0,2.0,2.0,2.0,2.0,2.0,2.0,2.0,2.0,2.0,2.0,2.0,2.0,2.0,2.0,2.0,2.0,2.0,2.0,2.0,2.0,2.0,2.0,2.0,2.0,2.0,2.0,2.0,0.0,0.0,0.0,0.0,0.0,0.0,0.0,0.0,0.0,0.0,0.0,0.0,0.0,0.0,0.0,0.0,3.0,5.0,5.0,5.0,5.0,5.0,5.0,5.0,5.0,5.0,5.0,5.0,5.0,5.0,5.0,5.0,4.0,4.0,4.0,2.0,2.0,2.0,2.0,2.0,2.0,2.0,2.0,2.0,2.0,2.0,2.0,2.0,2.0,2.0,2.0,2.0,2.0,2.0,1.0,25.0,25.0,25.0,24.0,24.0,24.0,24.0,24.0,24.0,24.0,24.0,24.0,24.0,24.0,24.0,24.0,24.0,24.0,24.0,24.0,24.0,24.0,24.0,24.0,24.0,24.0,24.0,24.0,24.0,24.0,12.0,12.0,12.0,12.0,12.0,12.0,1.0,1.0,1.0,1.0,1.0,1.0,1.0,0.0,0.0,0.0,0.0,0.0,0.0,0.0,0.0,0.0,0.0,0.0,0.0,0.0,0.0,0.0,0.0,0.0,0.0,0.0,0.0,0.0,0.0,0.0,0.0,0.0,0.0,0.0,0.0,0.0,0.0,0.0,0.0,0.0,0.0,0.0,0.0,0.0,7.0,7.0,7.0,7.0,7.0,4.0,4.0,4.0,4.0,4.0,4.0,4.0,4.0,4.0,4.0,3.0,3.0,3.0,3.0,3.0,3.0,3.0,3.0,3.0,3.0,3.0,3.0,3.0,3.0,3.0,3.0,3.0,3.0,3.0,3.0,3.0,3.0,3.0,3.0,3.0,3.0,3.0,3.0,3.0,3.0,3.0,3.0,3.0,3.0,3.0,3.0,2.0,2.0,0.0,0.0,0.0,0.0,0.0,0.0,0.0,0.0,0.0,0.0,0.0,0.0,0.0,0.0,0.0,0.0,0.0,0.0,0.0,0.0,0.0,0.0,0.0,0.0,0.0,0.0,0.0,0.0,0.0,0.0,0.0,0.0,0.0,0.0,0.0,0.0,0.0,0.0,0.0,0.0,0.0,0.0,0.0,0.0,0.0,0.0,0.0,0.0,0.0,0.0,0.0,0.0,0.0,0.0,0.0,0.0,0.0,0.0,0.0,0.0,0.0,0.0,0.0,0.0,0.0,0.0,0.0,0.0,0.0,0.0,0.0,0.0,0.0,0.0,0.0,0.0,0.0,0.0,0.0,0.0,0.0,0.0,0.0,0.0,0.0,0.0,0.0,0.0,0.0,0.0,0.0,0.0,0.0,0.0,0.0,0.0,0.0,0.0,5.0,2.0,2.0,2.0,0.0,0.0,0.0,0.0,0.0,0.0,0.0,0.0,0.0,0.0,0.0,0.0
6.0,6.0,6.0,6.0,6.0,6.0,6.0,6.0,6.0,6.0,6.0,6.0,6.0,6.0,6.0,6.0,6.0,6.0,6.0,6.0,6.0,6.0,6.0,6.0,6.0,6.0,6.0,6.0,6.0,6.0,6.0,6.0,6.0,6.0,6.0,6.0,6.0,6.0,6.0,6.0,6.0,6.0,6.0,6.0,6.0,6.0,6.0,6.0,6.0,6.0,6.0,6.0,6.0,6.0,6.0,6.0,6.0,6.0,6.0,6.0,6.0,6.0,6.0,6.0,6.0,6.0,6.0,6.0,6.0,6.0,6.0,6.0,92.0,91.0,91.0,91.0,70.0,70.0,70.0,73.0,73.0,67.0,67.0,67.0,67.0,67.0,66.0,66.0,64.0,63.0,49.0,48.0,50.0,49.0,31.0,31.0,31.0,97.0,97.0,97.0,97.0,97.0,97.0,97.0,116.0,116.0,116.0,116.0,116.0,116.0,116.0,116.0,116.0,99.0,99.0,73.0,62.0,62.0,61.0,89.0,89.0,89.0,89.0,94.0,94.0,87.0,87.0,87.0,87.0,87.0,85.0,85.0,85.0,85.0,65.0,65.0,65.0,65.0,65.0,65.0,65.0,52.0,96.0,96.0,115.0,115.0,98.0,98.0,146.0,146.0,146.0,146.0,146.0,161.0,158.0,158.0,160.0,160.0,160.0,162.0,160.0,160.0,160.0,160.0,184.0,184.0,181.0,181.0,181.0,181.0,181.0,181.0,181.0,184.0,186.0,186.0,186.0,186.0,186.0,185.0,185.0,185.0,185.0,185.0,147.0,147.0,147.0,147.0,159.0,159.0,159.0,159.0,159.0,159.0,159.0,159.0,159.0,159.0,93.0,93.0,93.0,91.0,94.0,94.0,97.0,97.0,97.0,97.0,73.0,73.0,73.0,93.0,67.0,26.0,26.0,26.0,26.0,32.0,32.0,32.0,31.0,18.0,18.0,22.0,22.0,63.0,63.0,63.0,63.0,81.0,81.0,81.0,82.0,82.0,82.0,82.0,82.0,66.0,101.0,101.0,101.0,103.0,103.0,100.0,100.0,100.0,83.0,69.0,69.0,106.0,106.0,106.0,106.0,106.0,106.0,106.0,106.0,106.0,83.0,83.0,83.0,83.0,85.0,85.0,85.0,85.0,71.0,71.0,71.0,71.0,71.0,71.0,71.0,70.0,70.0,70.0,70.0,70.0,70.0,45.0,45.0,45.0,42.0,44.0,44.0,46.0,46.0,46.0,23.0,23.0,23.0,23.0,23.0,22.0,22.0,22.0,22.0,22.0,22.0,22.0,21.0,21.0,21.0,21.0,21.0,62.0,62.0,86.0,86.0,62.0,62.0,62.0,62.0,62.0,62.0,60.0,60.0,126.0,126.0,126.0,137.0,137.0,139.0,139.0,139.0,139.0,140.0,140.0,126.0,126.0,126.0,126.0,126.0,126.0,126.0,126.0,126.0,126.0,126.0,126.0,126.0,126.0,126.0,121.0,110.0,110.0,110.0,110.0,110.0,110.0,110.0,110.0,110.0,112.0,112.0,112.0,97.0,97.0,117.0,117.0,117.0,111.0,111.0,111.0,111.0,109.0,109.0,86.0,144.0,144.0,146.0,146.0,166.0,166.0,166.0,163.0,163.0,163.0,163.0,163.0,163.0,163.0,163.0,163.0,163.0,163.0,163.0,163.0,163.0,170.0,170.0,170.0,170.0,170.0,170.0,170.0,173.0,173.0,173.0,173.0,174.0,174.0,174.0,174.0,174.0,174.0,174.0,174.0,174.0,174.0,174.0,174.0,174.0,190.0,191.0,191.0,191.0,191.0,201.0,201.0,201.0,201.0,162.0,162.0,179.0,179.0,179.0,179.0,179.0,179.0,179.0,179.0,199.0,199.0,199.0,199.0,199.0,199.0,199.0,199.0,163.0,163.0,163.0,163.0,163.0,163.0,163.0,163.0,174.0,174.0,174.0,174.0,174.0,174.0,174.0,174.0,174.0,174.0,174.0,174.0,174.0,174.0,174.0,174.0,174.0,174.0,174.0,163.0,163.0,163.0,163.0,151.0,149.0,149.0,149.0,149.0,149.0,149.0,149.0,149.0,149.0,149.0,156.0,156.0,156.0,156.0,156.0,156.0,156.0,156.0,156.0,156.0,179.0,114.0,90.0,90.0,88.0,88.0,81.0,81.0,125.0
0.0,0.0,0.0,0.0,0.0,0.0,0.0,0.0,0.0,0.0,0.0,0.0,0.0,0.0,0.0,0.0,0.0,0.0,0.0,0.0,0.0,0.0,0.0,0.0,0.0,0.0,0.0,0.0,0.0,0.0,0.0,0.0,0.0,0.0,0.0,0.0,0.0,0.0,0.0,0.0,0.0,0.0,0.0,0.0,0.0,0.0,0.0,0.0,0.0,0.0,0.0,0.0,0.0,0.0,0.0,0.0,0.0,86.0,86.0,86.0,86.0,86.0,87.0,87.0,87.0,87.0,109.0,111.0,111.0,112.0,112.0,112.0,26.0,27.0,27.0,49.0,70.0,72.0,75.0,72.0,72.0,78.0,120.0,120.0,131.0,131.0,132.0,132.0,134.0,135.0,149.0,150.0,148.0,149.0,167.0,167.0,167.0,101.0,101.0,101.0,101.0,101.0,101.0,101.0,82.0,82.0,81.0,82.0,82.0,82.0,82.0,82.0,81.0,98.0,98.0,124.0,135.0,135.0,136.0,108.0,108.0,108.0,109.0,104.0,104.0,111.0,111.0,111.0,111.0,111.0,113.0,113.0,113.0,113.0,133.0,133.0,133.0,133.0,133.0,134.0,134.0,147.0,103.0,103.0,84.0,84.0,101.0,101.0,53.0,53.0,53.0,53.0,53.0,38.0,41.0,41.0,39.0,39.0,39.0,37.0,39.0,39.0,39.0,39.0,15.0,15.0,18.0,18.0,35.0,35.0,35.0,35.0,35.0,32.0,30.0,30.0,30.0,30.0,30.0,31.0,31.0,31.0,31.0,31.0,69.0,69.0,69.0,69.0,57.0,57.0,57.0,57.0,57.0,57.0,57.0,57.0,57.0,57.0,123.0,125.0,125.0,127.0,124.0,124.0,121.0,121.0,121.0,121.0,145.0,145.0,145.0,125.0,151.0,192.0,192.0,189.0,187.0,181.0,181.0,181.0,182.0,195.0,195.0,191.0,191.0,150.0,150.0,150.0,150.0,132.0,132.0,133.0,132.0,132.0,134.0,134.0,134.0,150.0,115.0,115.0,115.0,113.0,113.0,116.0,116.0,116.0,133.0,147.0,147.0,110.0,110.0,110.0,110.0,111.0,87.0,87.0,87.0,88.0,111.0,111.0,111.0,111.0,109.0,109.0,109.0,109.0,123.0,123.0,123.0,123.0,123.0,123.0,123.0,124.0,124.0,124.0,124.0,124.0,124.0,149.0,149.0,149.0,152.0,150.0,162.0,160.0,160.0,160.0,183.0,183.0,194.0,194.0,194.0,195.0,195.0,195.0,195.0,196.0,196.0,196.0,197.0,197.0,197.0,197.0,197.0,156.0,156.0,132.0,132.0,156.0,156.0,156.0,156.0,156.0,156.0,158.0,158.0,92.0,92.0,92.0,81.0,81.0,79.0,79.0,79.0,79.0,78.0,78.0,92.0,92.0,92.0,92.0,92.0,92.0,85.0,85.0,85.0,85.0,85.0,88.0,88.0,88.0,88.0,93.0,104.0,104.0,104.0,104.0,104.0,105.0,105.0,105.0,105.0,103.0,103.0,103.0,118.0,118.0,98.0,98.0,98.0,104.0,104.0,104.0,104.0,106.0,106.0,129.0,71.0,71.0,69.0,69.0,49.0,49.0,49.0,52.0,52.0,52.0,52.0,52.0,52.0,52.0,52.0,52.0,52.0,53.0,53.0,55.0,55.0,48.0,48.0,48.0,48.0,48.0,48.0,48.0,45.0,45.0,45.0,45.0,44.0,44.0,44.0,44.0,44.0,44.0,44.0,44.0,44.0,44.0,44.0,44.0,44.0,28.0,27.0,27.0,27.0,27.0,17.0,17.0,17.0,17.0,56.0,56.0,39.0,39.0,39.0,39.0,39.0,39.0,39.0,39.0,19.0,19.0,19.0,19.0,19.0,19.0,19.0,19.0,55.0,55.0,55.0,55.0,55.0,55.0,55.0,55.0,44.0,44.0,44.0,44.0,44.0,44.0,44.0,44.0,44.0,44.0,44.0,44.0,44.0,44.0,44.0,44.0,44.0,44.0,44.0,55.0,55.0,55.0,55.0,67.0,69.0,69.0,69.0,69.0,69.0,69.0,69.0,69.0,69.0,69.0,62.0,62.0,62.0,57.0,60.0,60.0,60.0,62.0,62.0,62.0,39.0,104.0,128.0,128.0,130.0,130.0,137.0,137.0,93.0
212.0,212.0,212.0,212.0,173.0,173.0,173.0,173.0,173.0,173.0,173.0,173.0,173.0,106.0,106.0,106.0,106.0,83.0,83.0,83.0,83.0,81.0,81.0,81.0,81.0,81.0,83.0,82.0,82.0,81.0,81.0,80.0,78.0,78.0,78.0,78.0,78.0,78.0,78.0,78.0,78.0,78.0,78.0,77.0,76.0,76.0,76.0,76.0,76.0,76.0,76.0,81.0,81.0,81.0,81.0,81.0,81.0,81.0,81.0,83.0,83.0,83.0,85.0,85.0,85.0,68.0,68.0,68.0,68.0,68.0,68.0,68.0,68.0,66.0,66.0,66.0,63.0,63.0,63.0,63.0,66.0,66.0,66.0,66.0,66.0,63.0,63.0,63.0,62.0,60.0,60.0,57.0,57.0,57.0,57.0,57.0,57.0,57.0,57.0,57.0,57.0,56.0,56.0,56.0,56.0,56.0,14.0,14.0,14.0,14.0,14.0,14.0,14.0,14.0,14.0,14.0,4.0,4.0,6.0,6.0,6.0,6.0,6.0,6.0,6.0,6.0,6.0,6.0,6.0,4.0,4.0,4.0,3.0,3.0,3.0,3.0,4.0,4.0,4.0,4.0,4.0,2.0,2.0,2.0,2.0,2.0,2.0,2.0,2.0,2.0,2.0,2.0,2.0,2.0,2.0,2.0,2.0,2.0,2.0,2.0,2.0,2.0,2.0,2.0,2.0,2.0,2.0,2.0,2.0,2.0,2.0,2.0,2.0,1.0,1.0,4.0,4.0,4.0,4.0,4.0,4.0,4.0,4.0,4.0,4.0,4.0,4.0,4.0,4.0,4.0,4.0,4.0,4.0,4.0,4.0,4.0,4.0,4.0,4.0,2.0,2.0,2.0,4.0,4.0,4.0,4.0,4.0,4.0,4.0,4.0,4.0,4.0,4.0,4.0,2.0,2.0,1.0,1.0,1.0,1.0,1.0,1.0,2.0,2.0,2.0,2.0,2.0,2.0,2.0,2.0,2.0,2.0,2.0,2.0,2.0,2.0,2.0,2.0,2.0,2.0,2.0,2.0,2.0,1.0,1.0,1.0,1.0,0.0,0.0,0.0,0.0,0.0,0.0,0.0,0.0,0.0,0.0,0.0,0.0,0.0,0.0,0.0,0.0,0.0,0.0,0.0,0.0,0.0,0.0,0.0,0.0,0.0,0.0,0.0,0.0,0.0,0.0,0.0,0.0,0.0,0.0,0.0,0.0,0.0,0.0,0.0,0.0,0.0,0.0,0.0,0.0,0.0,0.0,0.0,0.0,0.0,0.0,0.0,0.0,0.0,0.0,0.0,0.0,0.0,0.0,0.0,0.0,0.0,0.0,0.0,0.0,0.0,0.0,0.0,0.0,0.0,0.0,0.0,0.0,0.0,0.0,0.0,0.0,0.0,0.0,0.0,0.0,0.0,0.0,0.0,0.0,0.0,0.0,0.0,0.0,0.0,0.0,0.0,0.0,0.0,0.0,0.0,0.0,0.0,0.0,0.0,0.0,0.0,0.0,0.0,0.0,0.0,0.0,0.0,0.0,0.0,0.0,0.0,0.0,0.0,0.0,0.0,0.0,0.0,0.0,0.0,0.0,0.0,0.0,0.0,0.0,0.0,0.0,0.0,0.0,0.0,0.0,0.0,0.0,0.0,0.0,0.0,0.0,0.0,0.0,0.0,0.0,0.0,0.0,0.0,0.0,0.0,0.0,0.0,0.0,0.0,0.0,0.0,0.0,0.0,0.0,0.0,0.0,0.0,0.0,0.0,0.0,0.0,0.0,0.0,0.0,0.0,0.0,0.0,0.0,0.0,0.0,0.0,0.0,0.0,0.0,0.0,0.0,0.0,0.0,0.0,0.0,0.0,0.0,0.0,0.0,0.0,0.0,0.0,0.0,0.0,0.0,0.0,0.0,0.0,0.0,0.0,0.0,0.0,0.0,0.0,0.0,0.0,0.0,0.0,0.0,0.0,0.0,0.0,0.0,0.0,0.0,0.0,0.0,0.0,0.0,0.0,0.0,0.0,0.0,0.0,0.0,0.0,0.0,0.0,0.0,0.0,0.0,0.0,0.0,0.0,0.0,0.0,0.0,0.0,0.0,0.0,0.0,0.0,0.0,0.0,0.0,0.0,0.0,0.0,0.0,0.0,0.0,0.0,0.0,0.0,0.0,0.0,0.0,0.0,0.0
6.0,6.0,6.0,6.0,6.0,6.0,6.0,6.0,6.0,6.0,6.0,6.0,6.0,6.0,6.0,6.0,6.0,6.0,6.0,6.0,6.0,6.0,6.0,6.0,6.0,6.0,6.0,6.0,6.0,6.0,6.0,6.0,6.0,6.0,6.0,6.0,6.0,6.0,6.0,6.0,6.0,6.0,6.0,6.0,6.0,6.0,6.0,6.0,6.0,6.0,6.0,6.0,6.0,6.0,6.0,6.0,6.0,6.0,6.0,6.0,6.0,6.0,6.0,6.0,6.0,6.0,6.0,6.0,6.0,6.0,6.0,6.0,6.0,6.0,6.0,6.0,6.0,6.0,6.0,6.0,6.0,6.0,6.0,6.0,6.0,6.0,60.0,60.0,60.0,60.0,60.0,60.0,60.0,45.0,82.0,82.0,82.0,82.0,39.0,39.0,39.0,39.0,39.0,39.0,39.0,27.0,27.0,23.0,23.0,23.0,23.0,23.0,52.0,37.0,37.0,37.0,37.0,37.0,37.0,21.0,21.0,21.0,21.0,21.0,18.0,18.0,18.0,18.0,18.0,18.0,18.0,18.0,18.0,18.0,7.0,7.0,7.0,7.0,7.0,73.0,72.0,72.0,49.0,48.0,48.0,48.0,48.0,73.0,50.0,106.0,108.0,108.0,88.0,88.0,88.0,87.0,65.0,65.0,85.0,85.0,84.0,84.0,84.0,84.0,84.0,84.0,84.0,84.0,84.0,84.0,85.0,85.0,85.0,85.0,96.0,96.0,96.0,96.0,96.0,96.0,92.0,92.0,92.0,92.0,92.0,92.0,85.0,85.0,85.0,84.0,84.0,84.0,41.0,41.0,41.0,46.0,46.0,46.0,46.0,46.0,46.0,43.0,43.0,43.0,43.0,43.0,43.0,43.0,43.0,43.0,43.0,43.0,82.0,82.0,82.0,82.0,82.0,82.0,82.0,85.0,85.0,85.0,85.0,105.0,105.0,105.0,105.0,105.0,105.0,105.0,105.0,105.0,105.0,105.0,105.0,105.0,105.0,102.0,104.0,104.0,104.0,104.0,104.0,104.0,104.0,104.0,82.0,82.0,82.0,82.0,82.0,82.0,64.0,83.0,83.0,83.0,83.0,83.0,82.0,82.0,82.0,82.0,82.0,82.0,80.0,145.0,146.0,146.0,146.0,147.0,147.0,148.0,155.0,155.0,155.0,155.0,155.0,155.0,155.0,155.0,155.0,155.0,155.0,155.0,155.0,155.0,155.0,155.0,155.0,155.0,155.0,155.0,155.0,155.0,157.0,157.0,157.0,157.0,157.0,157.0,157.0,157.0,157.0,157.0,157.0,157.0,157.0,157.0,157.0,157.0,157.0,157.0,157.0,157.0,157.0,157.0,157.0,183.0,183.0,183.0,183.0,183.0,183.0,183.0,183.0,183.0,183.0,183.0,183.0,183.0,183.0,183.0,183.0,183.0,183.0,183.0,183.0,183.0,184.0,184.0,184.0,184.0,184.0,184.0,184.0,184.0,184.0,184.0,184.0,184.0,184.0,184.0,184.0,184.0,184.0,184.0,184.0,184.0,184.0,184.0,184.0,184.0,184.0,184.0,184.0,184.0,184.0,184.0,184.0,183.0,183.0,184.0,184.0,184.0,184.0,184.0,184.0,184.0,184.0,184.0,184.0,184.0,184.0,184.0,184.0,184.0,184.0,184.0,184.0,184.0,184.0,184.0,184.0,184.0,184.0,184.0,184.0,184.0,184.0,184.0,184.0,200.0,200.0,200.0,200.0,200.0,200.0,200.0,200.0,200.0,200.0,200.0,200.0,200.0,200.0,200.0,200.0,200.0,200.0,200.0,200.0,200.0,200.0,200.0,200.0,200.0,200.0,200.0,200.0,200.0,152.0,152.0,152.0,152.0,134.0,107.0,107.0,106.0,106.0,106.0,106.0,145.0,145.0,145.0,145.0,145.0,145.0,145.0,145.0,146.0,146.0,146.0,146.0,146.0,146.0,196.0,196.0,198.0,198.0,198.0,198.0,199.0,199.0,199.0,152.0,152.0,152.0,152.0,152.0,152.0,153.0,152.0,152.0,152.0,175.0,175.0,175.0,176.0,158.0,134.0,134.0,134.0,134.0,135.0,135.0,135.0,135.0,134.0,134.0,134.0,159.0,159.0,160.0,160.0,160.0,160.0,160.0,160.0,160.0,161.0,161.0
0.0,0.0,0.0,0.0,39.0,39.0,39.0,39.0,39.0,39.0,39.0,39.0,39.0,106.0,106.0,106.0,106.0,129.0,129.0,129.0,129.0,131.0,131.0,131.0,131.0,131.0,129.0,130.0,130.0,131.0,131.0,132.0,134.0,134.0,134.0,134.0,134.0,134.0,134.0,134.0,134.0,134.0,134.0,135.0,136.0,136.0,136.0,136.0,136.0,136.0,136.0,131.0,131.0,131.0,131.0,131.0,131.0,131.0,131.0,129.0,129.0,129.0,127.0,127.0,127.0,144.0,144.0,144.0,144.0,144.0,144.0,144.0,144.0,146.0,146.0,146.0,149.0,149.0,149.0,149.0,146.0,146.0,146.0,146.0,146.0,149.0,95.0,95.0,96.0,98.0,98.0,101.0,101.0,116.0,79.0,79.0,79.0,79.0,122.0,122.0,122.0,123.0,123.0,123.0,123.0,135.0,177.0,181.0,181.0,181.0,181.0,181.0,152.0,167.0,167.0,167.0,177.0,177.0,175.0,191.0,191.0,191.0,191.0,191.0,194.0,194.0,194.0,194.0,194.0,196.0,196.0,196.0,197.0,197.0,208.0,208.0,207.0,207.0,207.0,141.0,142.0,144.0,167.0,168.0,168.0,168.0,168.0,143.0,166.0,110.0,108.0,108.0,128.0,128.0,128.0,129.0,151.0,151.0,131.0,131.0,132.0,132.0,132.0,132.0,132.0,132.0,132.0,132.0,132.0,132.0,131.0,131.0,131.0,132.0,121.0,118.0,118.0,118.0,118.0,118.0,122.0,122.0,122.0,122.0,122.0,122.0,129.0,129.0,129.0,130.0,130.0,130.0,173.0,173.0,173.0,168.0,168.0,168.0,168.0,170.0,170.0,173.0,171.0,171.0,171.0,171.0,171.0,171.0,171.0,171.0,171.0,171.0,132.0,132.0,134.0,134.0,135.0,135.0,135.0,132.0,132.0,132.0,131.0,111.0,111.0,111.0,111.0,111.0,111.0,111.0,111.0,111.0,111.0,111.0,111.0,111.0,111.0,114.0,112.0,112.0,112.0,112.0,112.0,113.0,113.0,113.0,135.0,136.0,136.0,136.0,136.0,136.0,154.0,135.0,135.0,135.0,135.0,135.0,136.0,136.0,136.0,136.0,136.0,136.0,138.0,73.0,72.0,72.0,72.0,71.0,71.0,70.0,63.0,63.0,63.0,63.0,63.0,63.0,63.0,63.0,63.0,63.0,63.0,63.0,63.0,63.0,63.0,63.0,63.0,63.0,63.0,63.0,63.0,63.0,61.0,61.0,61.0,61.0,61.0,61.0,61.0,61.0,61.0,61.0,61.0,61.0,61.0,61.0,61.0,61.0,61.0,61.0,61.0,61.0,61.0,61.0,61.0,35.0,35.0,35.0,35.0,35.0,35.0,35.0,35.0,35.0,35.0,35.0,35.0,35.0,35.0,35.0,35.0,35.0,35.0,35.0,35.0,35.0,34.0,34.0,34.0,34.0,34.0,34.0,34.0,34.0,34.0,34.0,34.0,34.0,34.0,34.0,34.0,34.0,34.0,34.0,34.0,34.0,34.0,34.0,34.0,34.0,34.0,34.0,34.0,34.0,34.0,34.0,34.0,35.0,35.0,34.0,34.0,34.0,34.0,34.0,34.0,34.0,34.0,34.0,34.0,34.0,34.0,34.0,34.0,34.0,34.0,34.0,34.0,34.0,34.0,34.0,34.0,34.0,34.0,34.0,34.0,34.0,34.0,34.0,34.0,18.0,18.0,18.0,18.0,18.0,18.0,18.0,18.0,18.0,18.0,18.0,18.0,18.0,18.0,18.0,18.0,18.0,18.0,18.0,18.0,18.0,18.0,18.0,18.0,18.0,18.0,18.0,18.0,18.0,66.0,66.0,66.0,66.0,84.0,111.0,111.0,112.0,112.0,112.0,112.0,73.0,73.0,73.0,73.0,73.0,73.0,73.0,73.0,72.0,72.0,72.0,72.0,72.0,72.0,22.0,22.0,20.0,20.0,20.0,20.0,19.0,19.0,19.0,66.0,66.0,66.0,66.0,66.0,66.0,65.0,66.0,66.0,66.0,43.0,43.0,43.0,42.0,60.0,84.0,84.0,84.0,84.0,83.0,83.0,83.0,83.0,84.0,84.0,84.0,59.0,59.0,58.0,58.0,58.0,58.0,58.0,58.0,58.0,57.0,57.0
212.0,212.0,212.0,212.0,212.0,212.0,212.0,212.0,212.0,212.0,212.0,206.0,206.0,206.0,206.0,206.0,206.0,207.0,207.0,207.0,207.0,207.0,206.0,206.0,206.0,206.0,206.0,206.0,206.0,206.0,206.0,206.0,206.0,206.0,206.0,206.0,205.0,205.0,205.0,205.0,205.0,152.0,152.0,153.0,153.0,153.0,153.0,141.0,141.0,141.0,141.0,141.0,144.0,144.0,144.0,144.0,144.0,144.0,144.0,144.0,144.0,144.0,144.0,144.0,144.0,141.0,95.0,95.0,94.0,94.0,94.0,94.0,94.0,94.0,94.0,94.0,94.0,94.0,91.0,93.0,93.0,93.0,93.0,80.0,80.0,80.0,80.0,81.0,81.0,59.0,58.0,58.0,58.0,73.0,73.0,73.0,31.0,31.0,31.0,31.0,28.0,28.0,28.0,28.0,28.0,28.0,28.0,28.0,28.0,28.0,28.0,28.0,28.0,28.0,28.0,28.0,28.0,28.0,27.0,27.0,27.0,27.0,27.0,27.0,27.0,27.0,12.0,12.0,12.0,12.0,11.0,11.0,11.0,11.0,11.0,11.0,11.0,11.0,11.0,11.0,11.0,11.0,11.0,11.0,11.0,11.0,11.0,11.0,11.0,11.0,11.0,11.0,11.0,11.0,11.0,11.0,11.0,11.0,11.0,11.0,11.0,11.0,1.0,1.0,1.0,1.0,1.0,1.0,1.0,1.0,0.0,0.0,0.0,0.0,0.0,0.0,0.0,0.0,0.0,0.0,0.0,0.0,0.0,0.0,0.0,0.0,0.0,0.0,0.0,0.0,0.0,0.0,0.0,0.0,0.0,0.0,0.0,0.0,0.0,0.0,0.0,0.0,0.0,0.0,0.0,0.0,0.0,0.0,0.0,0.0,0.0,0.0,0.0,0.0,0.0,0.0,0.0,0.0,0.0,0.0,0.0,0.0,0.0,0.0,0.0,0.0,0.0,0.0,0.0,0.0,0.0,0.0,0.0,0.0,0.0,0.0,0.0,0.0,0.0,0.0,0.0,0.0,0.0,0.0,0.0,0.0,0.0,0.0,0.0,0.0,0.0,0.0,0.0,0.0,0.0,0.0,0.0,0.0,0.0,0.0,0.0,0.0,0.0,0.0,0.0,0.0,0.0,0.0,0.0,0.0,0.0,0.0,0.0,0.0,0.0,0.0,0.0,0.0,0.0,0.0,0.0,0.0,0.0,0.0,0.0,0.0,0.0,0.0,0.0,0.0,0.0,0.0,0.0,0.0,0.0,0.0,0.0,0.0,0.0,0.0,0.0,0.0,0.0,0.0,0.0,0.0,0.0,0.0,0.0,0.0,0.0,0.0,0.0,0.0,0.0,0.0,0.0,0.0,0.0,0.0,0.0,0.0,0.0,0.0,0.0,0.0,0.0,0.0,0.0,0.0,0.0,0.0,0.0,0.0,0.0,0.0,0.0,0.0,0.0,0.0,0.0,0.0,0.0,0.0,0.0,0.0,0.0,0.0,0.0,0.0,0.0,0.0,0.0,0.0,0.0,0.0,0.0,0.0,0.0,0.0,0.0,0.0,0.0,0.0,0.0,0.0,0.0,0.0,0.0,0.0,0.0,0.0,0.0,0.0,0.0,0.0,0.0,0.0,0.0,0.0,0.0,0.0,0.0,0.0,0.0,0.0,0.0,0.0,0.0,0.0,0.0,0.0,0.0,0.0,0.0,0.0,0.0,0.0,0.0,0.0,0.0,0.0,0.0,0.0,0.0,0.0,0.0,0.0,0.0,0.0,0.0,0.0,0.0,0.0,0.0,0.0,0.0,0.0,0.0,0.0,0.0,0.0,0.0,0.0,0.0,0.0,0.0,0.0,0.0,0.0,0.0,0.0,0.0,0.0,0.0,0.0,0.0,0.0,0.0,0.0,0.0,0.0,0.0,0.0,0.0,0.0,0.0,0.0,0.0,0.0,0.0,0.0,0.0,0.0,0.0,0.0,0.0,0.0,0.0,0.0,0.0,0.0,0.0,0.0,0.0,0.0,0.0,0.0,0.0,0.0,0.0,0.0,0.0,0.0,0.0,0.0,0.0,0.0,0.0,0.0,0.0,0.0,0.0,0.0,0.0,0.0,0.0,0.0,0.0,0.0,0.0,0.0,0.0,0.0,0.0,0.0,0.0,0.0,0.0,0.0,0.0
6.0,6.0,6.0,6.0,6.0,6.0,6.0,6.0,6.0,6.0,6.0,6.0,6.0,6.0,6.0,6.0,6.0,6.0,6.0,6.0,6.0,6.0,6.0,6.0,6.0,6.0,7.0,6.0,6.0,6.0,6.0,6.0,6.0,6.0,6.0,6.0,6.0,6.0,6.0,6.0,6.0,6.0,6.0,6.0,6.0,6.0,6.0,6.0,6.0,6.0,6.0,6.0,6.0,6.0,6.0,7.0,7.0,7.0,6.0,6.0,6.0,7.0,7.0,7.0,7.0,7.0,7.0,6.0,6.0,6.0,12.0,12.0,12.0,12.0,12.0,12.0,12.0,12.0,12.0,12.0,12.0,11.0,11.0,11.0,11.0,11.0,11.0,11.0,11.0,11.0,11.0,11.0,6.0,6.0,6.0,6.0,6.0,6.0,6.0,6.0,6.0,6.0,6.0,6.0,6.0,6.0,6.0,6.0,6.0,6.0,6.0,7.0,7.0,7.0,7.0,7.0,7.0,7.0,7.0,7.0,7.0,75.0,77.0,77.0,76.0,75.0,75.0,75.0,75.0,80.0,80.0,80.0,78.0,78.0,78.0,78.0,53.0,53.0,115.0,115.0,115.0,115.0,115.0,115.0,115.0,115.0,137.0,135.0,135.0,135.0,135.0,135.0,136.0,114.0,114.0,114.0,114.0,114.0,114.0,114.0,114.0,114.0,114.0,114.0,114.0,114.0,114.0,114.0,114.0,130.0,130.0,130.0,130.0,130.0,130.0,130.0,155.0,155.0,155.0,155.0,155.0,155.0,155.0,155.0,130.0,130.0,150.0,151.0,197.0,197.0,197.0,197.0,197.0,197.0,198.0,198.0,198.0,198.0,198.0,198.0,198.0,198.0,194.0,194.0,194.0,163.0,163.0,164.0,164.0,164.0,163.0,163.0,163.0,163.0,163.0,163.0,163.0,163.0,163.0,163.0,163.0,180.0,187.0,187.0,199.0,199.0,199.0,199.0,199.0,195.0,193.0,193.0,193.0,193.0,193.0,193.0,194.0,194.0,194.0,194.0,194.0,196.0,198.0,198.0,198.0,198.0,198.0,198.0,198.0,198.0,198.0,198.0,170.0,170.0,170.0,170.0,173.0,173.0,173.0,174.0,174.0,176.0,176.0,176.0,176.0,176.0,176.0,176.0,217.0,217.0,217.0,217.0,217.0,217.0,217.0,217.0,217.0,217.0,217.0,217.0,217.0,217.0,217.0,217.0,217.0,217.0,217.0,217.0,217.0,218.0,218.0,218.0,218.0,218.0,218.0,218.0,218.0,218.0,218.0,218.0,218.0,218.0,218.0,218.0,218.0,218.0,218.0,218.0,218.0,218.0,218.0,218.0,218.0,218.0,218.0,218.0,218.0,218.0,218.0,218.0,218.0,218.0,218.0,218.0,218.0,218.0,218.0,218.0,218.0,218.0,218.0,218.0,218.0,218.0,218.0,218.0,218.0,218.0,218.0,218.0,218.0,218.0,218.0,218.0,218.0,218.0,218.0,218.0,218.0,218.0,218.0,218.0,218.0,218.0,218.0,218.0,218.0,218.0,218.0,218.0,218.0,218.0,218.0,218.0,218.0,218.0,218.0,218.0,218.0,218.0,218.0,218.0,218.0,218.0,218.0,218.0,218.0,218.0,218.0,218.0,218.0,218.0,218.0,218.0,218.0,218.0,218.0,218.0,218.0,218.0,218.0,218.0,218.0,218.0,218.0,218.0,218.0,218.0,218.0,218.0,218.0,218.0,218.0,218.0,218.0,218.0,218.0,218.0,218.0,218.0,218.0,218.0,218.0,218.0,218.0,218.0,218.0,218.0,218.0,218.0,218.0,218.0,218.0,218.0,218.0,218.0,218.0,218.0,218.0,218.0,218.0,218.0,218.0,218.0,218.0,218.0,218.0,218.0,218.0,218.0,218.0,218.0,218.0,218.0,218.0,218.0,218.0,218.0,218.0,218.0,218.0,218.0,218.0,218.0,218.0,218.0,218.0,218.0,218.0,218.0,218.0,218.0,218.0,218.0,218.0,218.0,218.0,218.0,218.0,218.0,218.0,218.0,218.0,218.0,218.0,218.0,218.0,218.0,218.0,218.0,218.0,218.0,218.0,218.0,218.0,218.0,218.0,218.0,218.0,218.0,218.0,218.0,218.0,218.0,218.0,218.0,218.0,218.0,218.0,218.0,218.0
0.0,0.0,0.0,0.0,0.0,0.0,0.0,0.0,0.0,0.0,0.0,6.0,6.0,6.0,6.0,6.0,6.0,5.0,5.0,5.0,5.0,5.0,6.0,6.0,6.0,6.0,5.0,6.0,6.0,6.0,6.0,6.0,6.0,6.0,6.0,6.0,7.0,7.0,7.0,7.0,7.0,60.0,60.0,59.0,59.0,59.0,59.0,71.0,71.0,71.0,71.0,71.0,68.0,68.0,68.0,67.0,67.0,67.0,68.0,68.0,68.0,67.0,67.0,67.0,67.0,70.0,116.0,117.0,118.0,118.0,112.0,112.0,112.0,112.0,112.0,112.0,112.0,112.0,115.0,113.0,113.0,114.0,114.0,127.0,127.0,127.0,127.0,126.0,126.0,148.0,149.0,149.0,154.0,139.0,139.0,139.0,181.0,181.0,181.0,181.0,184.0,184.0,184.0,184.0,184.0,184.0,184.0,184.0,184.0,184.0,184.0,183.0,183.0,183.0,183.0,183.0,183.0,183.0,184.0,184.0,184.0,116.0,114.0,114.0,115.0,116.0,131.0,131.0,131.0,126.0,127.0,127.0,129.0,129.0,129.0,129.0,154.0,154.0,92.0,92.0,92.0,92.0,92.0,92.0,92.0,92.0,70.0,72.0,72.0,72.0,72.0,72.0,71.0,93.0,93.0,93.0,93.0,93.0,93.0,93.0,93.0,93.0,103.0,103.0,103.0,103.0,103.0,103.0,103.0,87.0,88.0,88.0,88.0,88.0,88.0,88.0,63.0,63.0,63.0,63.0,63.0,63.0,63.0,63.0,88.0,88.0,68.0,67.0,21.0,21.0,21.0,21.0,21.0,21.0,20.0,20.0,20.0,20.0,20.0,20.0,20.0,20.0,24.0,24.0,24.0,55.0,55.0,54.0,54.0,54.0,55.0,55.0,55.0,55.0,55.0,55.0,55.0,55.0,55.0,55.0,55.0,38.0,31.0,31.0,19.0,19.0,19.0,19.0,19.0,23.0,25.0,25.0,25.0,25.0,25.0,25.0,24.0,24.0,24.0,24.0,24.0,22.0,20.0,20.0,20.0,20.0,20.0,20.0,20.0,20.0,20.0,20.0,48.0,48.0,48.0,48.0,45.0,45.0,45.0,44.0,44.0,42.0,42.0,42.0,42.0,42.0,42.0,42.0,1.0,1.0,1.0,1.0,1.0,1.0,1.0,1.0,1.0,1.0,1.0,1.0,1.0,1.0,1.0,1.0,1.0,1.0,1.0,1.0,1.0,0.0,0.0,0.0,0.0,0.0,0.0,0.0,0.0,0.0,0.0,0.0,0.0,0.0,0.0,0.0,0.0,0.0,0.0,0.0,0.0,0.0,0.0,0.0,0.0,0.0,0.0,0.0,0.0,0.0,0.0,0.0,0.0,0.0,0.0,0.0,0.0,0.0,0.0,0.0,0.0,0.0,0.0,0.0,0.0,0.0,0.0,0.0,0.0,0.0,0.0,0.0,0.0,0.0,0.0,0.0,0.0,0.0,0.0,0.0,0.0,0.0,0.0,0.0,0.0,0.0,0.0,0.0,0.0,0.0,0.0,0.0,0.0,0.0,0.0,0.0,0.0,0.0,0.0,0.0,0.0,0.0,0.0,0.0,0.0,0.0,0.0,0.0,0.0,0.0,0.0,0.0,0.0,0.0,0.0,0.0,0.0,0.0,0.0,0.0,0.0,0.0,0.0,0.0,0.0,0.0,0.0,0.0,0.0,0.0,0.0,0.0,0.0,0.0,0.0,0.0,0.0,0.0,0.0,0.0,0.0,0.0,0.0,0.0,0.0,0.0,0.0,0.0,0.0,0.0,0.0,0.0,0.0,0.0,0.0,0.0,0.0,0.0,0.0,0.0,0.0,0.0,0.0,0.0,0.0,0.0,0.0,0.0,0.0,0.0,0.0,0.0,0.0,0.0,0.0,0.0,0.0,0.0,0.0,0.0,0.0,0.0,0.0,0.0,0.0,0.0,0.0,0.0,0.0,0.0,0.0,0.0,0.0,0.0,0.0,0.0,0.0,0.0,0.0,0.0,0.0,0.0,0.0,0.0,0.0,0.0,0.0,0.0,0.0,0.0,0.0,0.0,0.0,0.0,0.0,0.0,0.0,0.0,0.0,0.0,0.0,0.0,0.0,0.0,0.0,0.0,0.0,0.0,0.0,0.0,0.0,0.0,0.0
212.0,212.0,212.0,212.0,212.0,212.0,212.0,212.0,212.0,212.0,191.0,191.0,191.0,172.0,172.0,172.0,172.0,172.0,172.0,172.0,172.0,172.0,172.0,172.0,172.0,129.0,85.0,82.0,82.0,84.0,84.0,84.0,83.0,83.0,82.0,87.0,87.0,87.0,85.0,85.0,85.0,85.0,90.0,90.0,88.0,88.0,88.0,88.0,85.0,85.0,85.0,88.0,88.0,88.0,85.0,85.0,85.0,85.0,85.0,85.0,85.0,85.0,82.0,82.0,82.0,83.0,83.0,83.0,65.0,65.0,65.0,62.0,62.0,17.0,17.0,17.0,17.0,17.0,17.0,17.0,17.0,16.0,16.0,15.0,15.0,15.0,15.0,15.0,15.0,15.0,15.0,15.0,15.0,15.0,15.0,15.0,15.0,15.0,15.0,10.0,10.0,10.0,10.0,10.0,10.0,10.0,10.0,10.0,4.0,4.0,7.0,7.0,5.0,5.0,5.0,4.0,4.0,4.0,2.0,2.0,2.0,2.0,2.0,2.0,2.0,2.0,2.0,2.0,2.0,2.0,2.0,2.0,2.0,2.0,2.0,2.0,2.0,2.0,2.0,2.0,2.0,2.0,2.0,2.0,2.0,2.0,2.0,2.0,0.0,0.0,0.0,0.0,0.0,0.0,0.0,0.0,0.0,0.0,0.0,0.0,0.0,0.0,0.0,0.0,0.0,0.0,0.0,0.0,0.0,0.0,0.0,0.0,0.0,0.0,0.0,0.0,0.0,0.0,0.0,0.0,0.0,0.0,0.0,0.0,0.0,0.0,0.0,0.0,0.0,0.0,0.0,0.0,0.0,0.0,0.0,0.0,0.0,0.0,0.0,0.0,0.0,0.0,0.0,0.0,0.0,0.0,0.0,0.0,0.0,0.0,0.0,0.0,0.0,0.0,0.0,0.0,0.0,0.0,0.0,0.0,0.0,0.0,0.0,0.0,0.0,0.0,0.0,0.0,0.0,0.0,0.0,0.0,0.0,0.0,0.0,0.0,0.0,0.0,0.0,0.0,0.0,0.0,0.0,0.0,0.0,0.0,0.0,0.0,0.0,0.0,0.0,0.0,0.0,0.0,0.0,0.0,0.0,0.0,0.0,0.0,0.0,0.0,0.0,0.0,0.0,0.0,0.0,0.0,0.0,0.0,0.0,0.0,0.0,0.0,0.0,0.0,0.0,0.0,0.0,0.0,0.0,0.0,0.0,0.0,0.0,0.0,0.0,0.0,0.0,0.0,0.0,0.0,0.0,0.0,0.0,0.0,0.0,0.0,0.0,0.0,0.0,0.0,0.0,0.0,0.0,0.0,0.0,0.0,0.0,0.0,0.0,0.0,0.0,0.0,0.0,0.0,0.0,0.0,0.0,0.0,0.0,0.0,0.0,0.0,0.0,0.0,0.0,0.0,0.0,0.0,0.0,0.0,0.0,0.0,0.0,0.0,0.0,0.0,0.0,0.0,0.0,0.0,0.0,0.0,0.0,0.0,0.0,0.0,0.0,0.0,0.0,0.0,0.0,0.0,0.0,0.0,0.0,0.0,0.0,0.0,0.0,0.0,0.0,0.0,0.0,0.0,0.0,0.0,0.0,0.0,0.0,0.0,0.0,0.0,0.0,0.0,0.0,0.0,0.0,0.0,0.0,0.0,0.0,0.0,0.0,0.0,0.0,0.0,0.0,0.0,0.0,0.0,0.0,0.0,0.0,0.0,0.0,0.0,0.0,0.0,0.0,0.0,0.0,0.0,0.0,0.0,0.0,0.0,0.0,0.0,0.0,0.0,0.0,0.0,0.0,0.0,0.0,0.0,0.0,0.0,0.0,0.0,0.0,0.0,0.0,0.0,0.0,0.0,0.0,0.0,0.0,0.0,0.0,0.0,0.0,0.0,0.0,0.0,0.0,0.0,0.0,0.0,0.0,0.0,0.0,0.0,0.0,0.0,0.0,0.0,0.0,0.0,0.0,0.0,0.0,0.0,0.0,0.0,0.0,0.0,0.0,0.0,0.0,0.0,0.0,0.0,0.0,0.0,0.0,0.0,0.0,0.0,0.0,0.0,0.0,0.0,0.0,0.0,0.0,0.0,0.0,0.0,0.0,0.0,0.0,0.0,0.0,0.0,0.0,0.0,0.0,0.0,0.0,0.0,0.0,0.0,0.0,0.0,0.0,0.0,0.0
6.0,6.0,6.0,6.0,6.0,6.0,6.0,6.0,6.0,6.0,6.0,6.0,6.0,6.0,6.0,6.0,6.0,6.0,6.0,6.0,6.0,6.0,6.0,6.0,6.0,6.0,6.0,6.0,6.0,6.0,6.0,6.0,6.0,6.0,6.0,6.0,6.0,6.0,6.0,6.0,6.0,6.0,6.0,6.0,6.0,6.0,6.0,6.0,6.0,6.0,6.0,6.0,6.0,6.0,6.0,6.0,6.0,6.0,6.0,6.0,6.0,6.0,6.0,6.0,6.0,6.0,6.0,6.0,6.0,6.0,6.0,6.0,6.0,6.0,6.0,6.0,6.0,45.0,45.0,45.0,45.0,45.0,50.0,50.0,53.0,53.0,53.0,53.0,52.0,48.0,48.0,48.0,48.0,48.0,48.0,47.0,45.0,45.0,45.0,45.0,45.0,45.0,45.0,44.0,44.0,44.0,44.0,44.0,44.0,25.0,25.0,25.0,25.0,24.0,24.0,24.0,24.0,49.0,49.0,49.0,49.0,49.0,49.0,49.0,49.0,49.0,49.0,49.0,49.0,45.0,45.0,45.0,43.0,43.0,43.0,43.0,43.0,43.0,43.0,43.0,41.0,34.0,105.0,112.0,116.0,116.0,116.0,94.0,94.0,96.0,96.0,96.0,75.0,29.0,29.0,72.0,72.0,72.0,71.0,71.0,48.0,48.0,48.0,35.0,35.0,21.0,10.0,10.0,14.0,79.0,81.0,103.0,110.0,110.0,110.0,110.0,110.0,110.0,110.0,110.0,110.0,110.0,110.0,110.0,110.0,121.0,121.0,121.0,121.0,121.0,121.0,121.0,121.0,121.0,121.0,155.0,155.0,155.0,155.0,155.0,155.0,157.0,157.0,157.0,157.0,157.0,157.0,157.0,157.0,157.0,157.0,199.0,199.0,199.0,199.0,199.0,199.0,199.0,199.0,199.0,199.0,199.0,199.0,199.0,199.0,216.0,216.0,216.0,216.0,216.0,216.0,216.0,216.0,216.0,216.0,216.0,217.0,218.0,218.0,218.0,218.0,218.0,218.0,218.0,218.0,218.0,218.0,218.0,218.0,218.0,218.0,218.0,218.0,218.0,218.0,218.0,218.0,218.0,218.0,218.0,218.0,218.0,218.0,218.0,218.0,218.0,218.0,218.0,218.0,218.0,218.0,218.0,218.0,218.0,218.0,218.0,218.0,218.0,218.0,218.0,218.0,218.0,218.0,218.0,218.0,218.0,218.0,218.0,218.0,218.0,218.0,218.0,218.0,218.0,218.0,218.0,218.0,218.0,218.0,218.0,218.0,218.0,218.0,218.0,218.0,218.0,218.0,218.0,218.0,218.0,218.0,218.0,218.0,218.0,218.0,218.0,218.0,218.0,218.0,218.0,218.0,218.0,218.0,218.0,218.0,218.0,218.0,218.0,218.0,218.0,218.0,218.0,218.0,218.0,218.0,218.0,218.0,218.0,218.0,218.0,218.0,218.0,218.0,218.0,218.0,218.0,218.0,218.0,218.0,218.0,218.0,218.0,218.0,218.0,218.0,218.0,218.0,218.0,218.0,218.0,218.0,218.0,218.0,218.0,218.0,218.0,218.0,218.0,218.0,218.0,218.0,218.0,218.0,218.0,218.0,218.0,218.0,218.0,218.0,218.0,218.0,218.0,218.0,218.0,218.0,218.0,218.0,218.0,218.0,218.0,218.0,218.0,218.0,218.0,218.0,218.0,218.0,218.0,218.0,218.0,218.0,218.0,218.0,218.0,218.0,218.0,218.0,218.0,218.0,218.0,218.0,218.0,218.0,218.0,218.0,218.0,218.0,218.0,218.0,218.0,218.0,218.0,218.0,218.0,218.0,218.0,218.0,218.0,218.0,218.0,218.0,218.0,218.0,218.0,218.0,218.0,218.0,218.0,218.0,218.0,218.0,218.0,218.0,218.0,218.0,218.0,218.0,218.0,218.0,218.0,218.0,218.0,218.0,218.0,218.0,218.0,218.0,218.0,218.0,218.0,218.0,218.0,218.0,218.0,218.0,218.0,218.0,218.0,218.0,218.0,218.0,218.0,218.0,218.0,218.0,218.0,218.0,218.0,218.0,218.0,218.0,218.0,218.0,218.0,218.0,218.0,218.0,218.0,218.0,218.0,218.0,218.0,218.0,218.0,218.0,218.0,218.0,218.0,218.0,218.0,218.0
0.0,0.0,0.0,0.0,0.0,0.0,0.0,0.0,0.0,0.0,21.0,21.0,21.0,40.0,40.0,40.0,40.0,40.0,40.0,40.0,40.0,40.0,40.0,40.0,40.0,83.0,127.0,130.0,130.0,128.0,128.0,128.0,129.0,129.0,130.0,125.0,125.0,125.0,127.0,127.0,127.0,127.0,122.0,122.0,124.0,124.0,124.0,124.0,127.0,127.0,127.0,124.0,124.0,124.0,127.0,127.0,127.0,127.0,127.0,127.0,127.0,127.0,130.0,130.0,130.0,129.0,129.0,129.0,147.0,147.0,147.0,150.0,150.0,195.0,195.0,195.0,195.0,156.0,156.0,156.0,156.0,157.0,152.0,153.0,150.0,150.0,150.0,150.0,151.0,155.0,155.0,155.0,155.0,155.0,155.0,156.0,158.0,158.0,158.0,163.0,163.0,163.0,163.0,164.0,164.0,164.0,164.0,164.0,170.0,189.0,186.0,186.0,188.0,189.0,189.0,190.0,190.0,165.0,167.0,167.0,167.0,167.0,167.0,167.0,167.0,167.0,167.0,167.0,167.0,171.0,171.0,171.0,173.0,173.0,173.0,173.0,173.0,173.0,173.0,173.0,175.0,182.0,111.0,104.0,100.0,100.0,100.0,122.0,124.0,122.0,122.0,122.0,143.0,189.0,189.0,146.0,146.0,146.0,147.0,147.0,170.0,170.0,170.0,183.0,183.0,197.0,208.0,208.0,204.0,139.0,137.0,115.0,108.0,108.0,108.0,108.0,108.0,108.0,108.0,108.0,108.0,108.0,108.0,108.0,108.0,97.0,97.0,97.0,97.0,97.0,97.0,97.0,97.0,97.0,97.0,63.0,63.0,63.0,63.0,63.0,63.0,61.0,61.0,61.0,61.0,61.0,61.0,61.0,61.0,61.0,61.0,19.0,19.0,19.0,19.0,19.0,19.0,19.0,19.0,19.0,19.0,19.0,19.0,19.0,19.0,2.0,2.0,2.0,2.0,2.0,2.0,2.0,2.0,2.0,2.0,2.0,1.0,0.0,0.0,0.0,0.0,0.0,0.0,0.0,0.0,0.0,0.0,0.0,0.0,0.0,0.0,0.0,0.0,0.0,0.0,0.0,0.0,0.0,0.0,0.0,0.0,0.0,0.0,0.0,0.0,0.0,0.0,0.0,0.0,0.0,0.0,0.0,0.0,0.0,0.0,0.0,0.0,0.0,0.0,0.0,0.0,0.0,0.0,0.0,0.0,0.0,0.0,0.0,0.0,0.0,0.0,0.0,0.0,0.0,0.0,0.0,0.0,0.0,0.0,0.0,0.0,0.0,0.0,0.0,0.0,0.0,0.0,0.0,0.0,0.0,0.0,0.0,0.0,0.0,0.0,0.0,0.0,0.0,0.0,0.0,0.0,0.0,0.0,0.0,0.0,0.0,0.0,0.0,0.0,0.0,0.0,0.0,0.0,0.0,0.0,0.0,0.0,0.0,0.0,0.0,0.0,0.0,0.0,0.0,0.0,0.0,0.0,0.0,0.0,0.0,0.0,0.0,0.0,0.0,0.0,0.0,0.0,0.0,0.0,0.0,0.0,0.0,0.0,0.0,0.0,0.0,0.0,0.0,0.0,0.0,0.0,0.0,0.0,0.0,0.0,0.0,0.0,0.0,0.0,0.0,0.0,0.0,0.0,0.0,0.0,0.0,0.0,0.0,0.0,0.0,0.0,0.0,0.0,0.0,0.0,0.0,0.0,0.0,0.0,0.0,0.0,0.0,0.0,0.0,0.0,0.0,0.0,0.0,0.0,0.0,0.0,0.0,0.0,0.0,0.0,0.0,0.0,0.0,0.0,0.0,0.0,0.0,0.0,0.0,0.0,0.0,0.0,0.0,0.0,0.0,0.0,0.0,0.0,0.0,0.0,0.0,0.0,0.0,0.0,0.0,0.0,0.0,0.0,0.0,0.0,0.0,0.0,0.0,0.0,0.0,0.0,0.0,0.0,0.0,0.0,0.0,0.0,0.0,0.0,0.0,0.0,0.0,0.0,0.0,0.0,0.0,0.0,0.0,0.0,0.0,0.0,0.0,0.0,0.0,0.0,0.0,0.0,0.0,0.0,0.0,0.0,0.0,0.0,0.0,0.0,0.0,0.0,0.0,0.0,0.0,0.0,0.0,0.0,0.0,0.0,0.0,0.0,0.0,0.0,0.0,0.0
212.0,212.0,212.0,212.0,212.0,212.0,212.0,212.0,212.0,212.0,212.0,212.0,212.0,212.0,212.0,212.0,212.0,212.0,212.0,212.0,212.0,212.0,212.0,212.0,212.0,212.0,212.0,210.0,210.0,210.0,210.0,210.0,210.0,145.0,145.0,145.0,145.0,126.0,126.0,127.0,127.0,127.0,103.0,103.0,103.0,103.0,103.0,76.0,76.0,79.0,102.0,102.0,79.0,79.0,79.0,79.0,79.0,79.0,79.0,121.0,121.0,121.0,121.0,120.0,120.0,120.0,120.0,120.0,121.0,112.0,112.0,112.0,110.0,109.0,109.0,109.0,109.0,108.0,108.0,108.0,84.0,84.0,84.0,84.0,84.0,84.0,84.0,84.0,84.0,84.0,84.0,84.0,84.0,84.0,84.0,84.0,65.0,22.0,22.0,22.0,22.0,46.0,46.0,46.0,47.0,47.0,47.0,47.0,47.0,47.0,47.0,47.0,47.0,47.0,47.0,47.0,47.0,46.0,65.0,65.0,65.0,65.0,65.0,43.0,43.0,43.0,43.0,43.0,43.0,43.0,43.0,43.0,43.0,41.0,41.0,41.0,41.0,40.0,38.0,38.0,38.0,38.0,62.0,62.0,65.0,65.0,65.0,65.0,65.0,64.0,64.0,64.0,64.0,64.0,64.0,64.0,44.0,45.0,45.0,45.0,45.0,45.0,45.0,45.0,45.0,45.0,45.0,45.0,45.0,45.0,45.0,45.0,45.0,45.0,45.0,45.0,45.0,45.0,45.0,45.0,45.0,45.0,45.0,45.0,45.0,45.0,45.0,45.0,45.0,45.0,45.0,23.0,19.0,19.0,19.0,19.0,19.0,19.0,19.0,19.0,19.0,19.0,19.0,19.0,19.0,19.0,19.0,19.0,19.0,23.0,23.0,23.0,23.0,23.0,6.0,6.0,3.0,3.0,3.0,1.0,1.0,1.0,1.0,1.0,1.0,1.0,1.0,1.0,1.0,1.0,1.0,1.0,1.0,1.0,1.0,1.0,1.0,1.0,1.0,0.0,0.0,0.0,0.0,0.0,0.0,0.0,0.0,0.0,0.0,0.0,0.0,0.0,0.0,0.0,0.0,0.0,0.0,0.0,0.0,0.0,0.0,3.0,3.0,3.0,3.0,3.0,1.0,0.0,0.0,0.0,0.0,0.0,0.0,0.0,0.0,0.0,0.0,0.0,0.0,0.0,0.0,0.0,0.0,0.0,0.0,0.0,0.0,0.0,0.0,0.0,0.0,0.0,0.0,0.0,0.0,0.0,0.0,0.0,0.0,0.0,0.0,0.0,0.0,0.0,0.0,0.0,0.0,0.0,0.0,0.0,0.0,0.0,0.0,0.0,0.0,0.0,0.0,0.0,0.0,0.0,0.0,0.0,0.0,0.0,0.0,0.0,0.0,0.0,0.0,0.0,0.0,0.0,0.0,0.0,0.0,0.0,0.0,0.0,0.0,0.0,0.0,0.0,0.0,0.0,0.0,0.0,0.0,0.0,0.0,0.0,0.0,0.0,0.0,0.0,0.0,0.0,0.0,0.0,0.0,0.0,0.0,0.0,0.0,0.0,0.0,0.0,0.0,0.0,0.0,0.0,0.0,0.0,0.0,0.0,0.0,0.0,0.0,0.0,0.0,0.0,0.0,0.0,0.0,0.0,0.0,0.0,0.0,0.0,0.0,0.0,0.0,0.0,0.0,0.0,0.0,0.0,0.0,0.0,0.0,0.0,0.0,0.0,0.0,0.0,0.0,0.0,0.0,0.0,0.0,0.0,0.0,0.0,0.0,0.0,0.0,0.0,0.0,0.0,0.0,0.0,0.0,0.0,0.0,0.0,0.0,0.0,0.0,0.0,0.0,0.0,0.0,0.0,0.0,0.0,0.0,0.0,0.0,0.0,0.0,0.0,0.0,0.0,0.0,0.0,0.0,0.0,0.0,0.0,0.0,0.0,0.0,0.0,0.0,0.0,0.0,0.0,0.0,0.0,0.0,0.0,0.0,0.0,0.0,0.0,0.0,0.0,0.0,0.0,0.0,0.0,0.0,0.0,0.0,0.0,0.0,0.0,0.0,0.0,0.0,0.0,0.0,0.0,0.0,0.0,0.0,0.0,0.0,0.0,0.0,0.0,0.0,0.0,0.0,0.0,0.0,0.0,0.0,0.0,0.0,0.0,0.0
6.0,6.0,6.0,6.0,6.0,6.0,6.0,6.0,6.0,6.0,6.0,6.0,6.0,6.0,6.0,6.0,6.0,6.0,6.0,6.0,6.0,6.0,6.0,6.0,6.0,6.0,6.0,6.0,6.0,6.0,6.0,6.0,6.0,6.0,6.0,6.0,6.0,6.0,6.0,6.0,6.0,6.0,6.0,6.0,6.0,6.0,6.0,6.0,6.0,6.0,6.0,6.0,6.0,6.0,6.0,6.0,6.0,6.0,6.0,6.0,6.0,6.0,6.0,6.0,6.0,6.0,6.0,6.0,6.0,6.0,6.0,10.0,10.0,10.0,10.0,10.0,10.0,10.0,10.0,10.0,10.0,10.0,10.0,10.0,7.0,7.0,6.0,6.0,6.0,10.0,10.0,10.0,10.0,10.0,7.0,7.0,7.0,7.0,7.0,7.0,7.0,7.0,7.0,7.0,7.0,7.0,7.0,7.0,7.0,7.0,7.0,7.0,7.0,7.0,7.0,7.0,65.0,65.0,65.0,59.0,59.0,59.0,59.0,59.0,59.0,64.0,60.0,60.0,60.0,60.0,60.0,90.0,89.0,89.0,89.0,89.0,89.0,89.0,89.0,89.0,89.0,89.0,89.0,89.0,89.0,89.0,89.0,89.0,89.0,89.0,89.0,89.0,89.0,89.0,90.0,90.0,90.0,90.0,90.0,90.0,90.0,90.0,90.0,90.0,90.0,90.0,90.0,90.0,112.0,112.0,112.0,112.0,112.0,112.0,112.0,91.0,91.0,67.0,67.0,67.0,67.0,67.0,67.0,87.0,87.0,87.0,88.0,88.0,67.0,67.0,67.0,67.0,67.0,67.0,67.0,67.0,67.0,47.0,47.0,87.0,87.0,87.0,87.0,87.0,87.0,87.0,65.0,65.0,85.0,85.0,85.0,85.0,85.0,85.0,85.0,84.0,84.0,84.0,108.0,108.0,110.0,111.0,111.0,111.0,110.0,110.0,110.0,110.0,110.0,110.0,110.0,109.0,109.0,109.0,109.0,109.0,109.0,109.0,90.0,90.0,90.0,144.0,149.0,149.0,149.0,149.0,148.0,157.0,157.0,198.0,198.0,198.0,198.0,198.0,196.0,196.0,196.0,196.0,196.0,196.0,196.0,196.0,196.0,196.0,196.0,196.0,196.0,196.0,198.0,199.0,199.0,213.0,213.0,213.0,213.0,214.0,214.0,214.0,214.0,214.0,214.0,215.0,215.0,215.0,215.0,215.0,215.0,215.0,215.0,215.0,215.0,215.0,216.0,216.0,216.0,216.0,216.0,216.0,216.0,216.0,216.0,216.0,216.0,216.0,216.0,216.0,216.0,216.0,216.0,216.0,216.0,216.0,216.0,216.0,216.0,216.0,216.0,216.0,216.0,216.0,216.0,216.0,218.0,218.0,218.0,218.0,218.0,218.0,218.0,218.0,218.0,218.0,218.0,218.0,218.0,218.0,218.0,218.0,218.0,218.0,218.0,218.0,218.0,218.0,218.0,218.0,218.0,218.0,218.0,218.0,218.0,218.0,218.0,218.0,218.0,218.0,218.0,218.0,218.0,218.0,218.0,218.0,218.0,218.0,218.0,218.0,218.0,218.0,218.0,218.0,218.0,218.0,218.0,218.0,218.0,218.0,218.0,218.0,218.0,218.0,218.0,218.0,218.0,218.0,218.0,218.0,218.0,218.0,218.0,218.0,218.0,218.0,218.0,218.0,218.0,218.0,218.0,218.0,218.0,218.0,218.0,218.0,218.0,218.0,218.0,218.0,218.0,218.0,218.0,218.0,218.0,218.0,218.0,218.0,218.0,218.0,218.0,218.0,218.0,218.0,218.0,218.0,218.0,218.0,218.0,218.0,218.0,218.0,218.0,218.0,218.0,218.0,218.0,218.0,218.0,218.0,218.0,218.0,218.0,218.0,218.0,218.0,218.0,218.0,218.0,218.0,218.0,218.0,218.0,218.0,218.0,218.0,218.0,218.0,218.0,218.0,218.0,218.0,218.0,218.0,218.0,218.0,218.0,218.0,218.0,218.0,218.0,218.0,218.0,218.0,218.0,218.0,218.0,218.0,218.0,218.0,218.0,218.0,218.0,218.0,218.0,218.0,218.0,218.0,218.0,218.0,218.0,218.0,218.0,218.0,218.0,218.0,218.0,218.0,218.0,218.0,218.0,218.0,218.0,218.0,218.0
0.0,0.0,0.0,0.0,0.0,0.0,0.0,0.0,0.0,0.0,0.0,0.0,0.0,0.0,0.0,0.0,0.0,0.0,0.0,0.0,0.0,0.0,0.0,0.0,0.0,0.0,0.0,2.0,2.0,2.0,2.0,2.0,2.0,67.0,67.0,67.0,67.0,86.0,86.0,85.0,85.0,85.0,109.0,109.0,109.0,109.0,109.0,136.0,136.0,133.0,110.0,110.0,133.0,133.0,133.0,133.0,133.0,133.0,133.0,91.0,91.0,91.0,91.0,92.0,92.0,92.0,92.0,92.0,91.0,100.0,100.0,96.0,98.0,99.0,99.0,99.0,99.0,100.0,100.0,100.0,124.0,124.0,124.0,124.0,127.0,127.0,128.0,128.0,128.0,124.0,124.0,124.0,124.0,124.0,127.0,127.0,146.0,189.0,189.0,189.0,189.0,165.0,165.0,165.0,164.0,164.0,164.0,164.0,164.0,164.0,164.0,164.0,164.0,164.0,164.0,164.0,106.0,107.0,88.0,94.0,94.0,94.0,94.0,116.0,116.0,111.0,115.0,115.0,115.0,115.0,115.0,85.0,86.0,88.0,88.0,88.0,88.0,89.0,91.0,91.0,91.0,91.0,67.0,67.0,64.0,64.0,64.0,64.0,64.0,65.0,65.0,65.0,65.0,65.0,64.0,64.0,84.0,83.0,83.0,83.0,83.0,83.0,83.0,83.0,83.0,83.0,83.0,83.0,61.0,61.0,61.0,61.0,61.0,61.0,61.0,82.0,82.0,106.0,106.0,106.0,106.0,106.0,106.0,86.0,86.0,86.0,85.0,85.0,106.0,106.0,106.0,128.0,132.0,132.0,132.0,132.0,132.0,152.0,152.0,112.0,112.0,112.0,112.0,112.0,112.0,112.0,134.0,134.0,114.0,110.0,110.0,110.0,110.0,110.0,127.0,128.0,131.0,131.0,107.0,109.0,107.0,106.0,106.0,106.0,107.0,107.0,107.0,107.0,107.0,107.0,107.0,108.0,108.0,108.0,108.0,108.0,108.0,108.0,127.0,128.0,128.0,74.0,69.0,69.0,69.0,69.0,70.0,61.0,61.0,20.0,20.0,20.0,20.0,20.0,22.0,22.0,22.0,22.0,22.0,22.0,22.0,19.0,19.0,19.0,19.0,19.0,21.0,22.0,20.0,19.0,19.0,5.0,5.0,5.0,5.0,4.0,4.0,4.0,4.0,4.0,4.0,3.0,3.0,3.0,3.0,3.0,3.0,3.0,3.0,3.0,3.0,3.0,2.0,2.0,2.0,2.0,2.0,2.0,2.0,2.0,2.0,2.0,2.0,2.0,2.0,2.0,2.0,2.0,2.0,2.0,2.0,2.0,2.0,2.0,2.0,2.0,2.0,2.0,2.0,2.0,2.0,2.0,0.0,0.0,0.0,0.0,0.0,0.0,0.0,0.0,0.0,0.0,0.0,0.0,0.0,0.0,0.0,0.0,0.0,0.0,0.0,0.0,0.0,0.0,0.0,0.0,0.0,0.0,0.0,0.0,0.0,0.0,0.0,0.0,0.0,0.0,0.0,0.0,0.0,0.0,0.0,0.0,0.0,0.0,0.0,0.0,0.0,0.0,0.0,0.0,0.0,0.0,0.0,0.0,0.0,0.0,0.0,0.0,0.0,0.0,0.0,0.0,0.0,0.0,0.0,0.0,0.0,0.0,0.0,0.0,0.0,0.0,0.0,0.0,0.0,0.0,0.0,0.0,0.0,0.0,0.0,0.0,0.0,0.0,0.0,0.0,0.0,0.0,0.0,0.0,0.0,0.0,0.0,0.0,0.0,0.0,0.0,0.0,0.0,0.0,0.0,0.0,0.0,0.0,0.0,0.0,0.0,0.0,0.0,0.0,0.0,0.0,0.0,0.0,0.0,0.0,0.0,0.0,0.0,0.0,0.0,0.0,0.0,0.0,0.0,0.0,0.0,0.0,0.0,0.0,0.0,0.0,0.0,0.0,0.0,0.0,0.0,0.0,0.0,0.0,0.0,0.0,0.0,0.0,0.0,0.0,0.0,0.0,0.0,0.0,0.0,0.0,0.0,0.0,0.0,0.0,0.0,0.0,0.0,0.0,0.0,0.0,0.0,0.0,0.0,0.0,0.0,0.0,0.0,0.0,0.0,0.0,0.0,0.0,0.0,0.0,0.0,0.0,0.0,0.0,0.0
212.0,212.0,212.0,212.0,212.0,158.0,158.0,158.0,158.0,158.0,158.0,158.0,158.0,158.0,158.0,158.0,158.0,158.0,158.0,158.0,159.0,160.0,160.0,160.0,160.0,160.0,160.0,160.0,160.0,160.0,160.0,160.0,158.0,158.0,158.0,105.0,81.0,81.0,81.0,81.0,81.0,42.0,28.0,6.0,6.0,6.0,4.0,4.0,4.0,4.0,4.0,3.0,3.0,3.0,3.0,3.0,3.0,3.0,3.0,3.0,3.0,6.0,6.0,6.0,6.0,5.0,5.0,5.0,5.0,4.0,4.0,4.0,4.0,4.0,4.0,4.0,4.0,4.0,3.0,2.0,0.0,0.0,0.0,0.0,0.0,0.0,5.0,5.0,5.0,5.0,5.0,5.0,5.0,60.0,54.0,54.0,40.0,40.0,40.0,40.0,40.0,40.0,40.0,40.0,40.0,40.0,40.0,40.0,40.0,40.0,40.0,40.0,5.0,5.0,5.0,11.0,11.0,11.0,4.0,4.0,4.0,4.0,4.0,4.0,8.0,8.0,8.0,8.0,8.0,8.0,8.0,8.0,8.0,11.0,11.0,11.0,11.0,11.0,4.0,4.0,4.0,4.0,4.0,4.0,8.0,8.0,8.0,8.0,8.0,8.0,8.0,8.0,6.0,6.0,6.0,6.0,6.0,6.0,6.0,6.0,55.0,51.0,51.0,51.0,51.0,50.0,50.0,50.0,50.0,4.0,4.0,4.0,4.0,4.0,4.0,4.0,4.0,4.0,4.0,4.0,4.0,4.0,4.0,4.0,4.0,4.0,4.0,4.0,4.0,4.0,4.0,4.0,4.0,3.0,3.0,3.0,3.0,3.0,3.0,3.0,3.0,3.0,3.0,3.0,3.0,3.0,3.0,3.0,3.0,3.0,3.0,3.0,3.0,3.0,3.0,3.0,3.0,3.0,3.0,3.0,3.0,3.0,3.0,3.0,3.0,3.0,3.0,3.0,3.0,3.0,3.0,3.0,0.0,0.0,0.0,0.0,0.0,0.0,0.0,0.0,0.0,0.0,0.0,0.0,0.0,0.0,0.0,0.0,0.0,0.0,0.0,0.0,0.0,0.0,0.0,0.0,0.0,0.0,0.0,0.0,0.0,0.0,0.0,0.0,0.0,0.0,0.0,0.0,0.0,0.0,0.0,0.0,0.0,0.0,0.0,0.0,0.0,0.0,0.0,0.0,0.0,0.0,0.0,0.0,0.0,0.0,0.0,0.0,0.0,0.0,0.0,0.0,0.0,0.0,0.0,0.0,0.0,0.0,0.0,0.0,0.0,0.0,0.0,0.0,0.0,0.0,0.0,0.0,0.0,0.0,0.0,0.0,0.0,0.0,0.0,0.0,0.0,0.0,0.0,0.0,0.0,0.0,0.0,0.0,0.0,0.0,0.0,0.0,0.0,0.0,0.0,3.0,2.0,2.0,2.0,0.0,0.0,0.0,0.0,0.0,0.0,0.0,0.0,0.0,0.0,0.0,0.0,0.0,0.0,0.0,0.0,0.0,0.0,0.0,0.0,0.0,0.0,0.0,0.0,0.0,0.0,0.0,0.0,0.0,0.0,0.0,0.0,0.0,0.0,0.0,0.0,0.0,0.0,0.0,0.0,0.0,0.0,0.0,0.0,0.0,0.0,0.0,0.0,0.0,0.0,0.0,0.0,0.0,0.0,0.0,0.0,0.0,0.0,0.0,0.0,0.0,0.0,0.0,0.0,0.0,0.0,0.0,0.0,0.0,0.0,0.0,0.0,0.0,0.0,0.0,0.0,0.0,0.0,0.0,0.0,0.0,0.0,0.0,0.0,0.0,0.0,0.0,0.0,0.0,3.0,3.0,3.0,2.0,2.0,1.0,42.0,23.0,5.0,5.0,5.0,5.0,0.0,0.0,0.0,0.0,0.0,0.0,0.0,0.0,0.0,0.0,0.0,0.0,0.0,0.0,0.0,0.0,0.0,0.0,0.0,0.0,0.0,0.0,0.0,0.0,0.0,0.0,0.0,0.0,0.0,0.0,0.0,0.0,0.0,0.0,0.0,0.0,0.0,0.0,0.0,0.0,0.0,0.0,0.0,0.0,0.0,0.0,0.0,0.0,0.0,0.0,0.0,0.0,0.0,0.0,0.0,0.0,0.0,0.0,0.0,0.0,0.0,0.0,0.0,0.0,0.0
6.0,6.0,6.0,6.0,6.0,6.0,6.0,6.0,6.0,6.0,6.0,6.0,6.0,6.0,6.0,6.0,6.0,6.0,6.0,6.0,6.0,6.0,6.0,6.0,6.0,6.0,6.0,6.0,6.0,6.0,6.0,6.0,6.0,6.0,6.0,6.0,6.0,6.0,6.0,50.0,50.0,50.0,50.0,50.0,50.0,50.0,50.0,50.0,50.0,30.0,32.0,32.0,32.0,32.0,32.0,32.0,18.0,21.0,19.0,19.0,18.0,18.0,18.0,18.0,18.0,18.0,18.0,18.0,21.0,21.0,21.0,21.0,21.0,12.0,13.0,11.0,10.0,6.0,6.0,6.0,6.0,90.0,90.0,84.0,84.0,84.0,84.0,82.0,82.0,82.0,82.0,82.0,62.0,62.0,62.0,62.0,62.0,62.0,62.0,61.0,61.0,61.0,61.0,61.0,61.0,61.0,95.0,94.0,94.0,93.0,92.0,92.0,92.0,92.0,81.0,81.0,81.0,81.0,81.0,81.0,81.0,81.0,81.0,95.0,95.0,95.0,105.0,105.0,105.0,105.0,105.0,105.0,105.0,105.0,105.0,105.0,84.0,82.0,82.0,82.0,82.0,82.0,82.0,82.0,82.0,77.0,77.0,77.0,77.0,77.0,94.0,94.0,94.0,94.0,96.0,115.0,115.0,115.0,110.0,110.0,110.0,110.0,110.0,110.0,110.0,110.0,111.0,111.0,90.0,90.0,90.0,147.0,147.0,147.0,147.0,147.0,147.0,162.0,162.0,150.0,150.0,150.0,148.0,148.0,159.0,169.0,169.0,182.0,182.0,182.0,182.0,181.0,181.0,181.0,181.0,182.0,178.0,178.0,178.0,178.0,178.0,178.0,178.0,178.0,178.0,178.0,178.0,178.0,178.0,178.0,175.0,131.0,131.0,131.0,131.0,131.0,131.0,131.0,131.0,131.0,122.0,122.0,122.0,122.0,122.0,122.0,122.0,122.0,122.0,122.0,122.0,129.0,129.0,136.0,127.0,149.0,152.0,152.0,152.0,158.0,158.0,158.0,158.0,136.0,136.0,134.0,135.0,135.0,157.0,157.0,158.0,158.0,158.0,138.0,138.0,138.0,138.0,138.0,138.0,137.0,138.0,149.0,154.0,154.0,152.0,152.0,152.0,152.0,152.0,152.0,152.0,140.0,140.0,140.0,140.0,140.0,185.0,185.0,185.0,185.0,185.0,185.0,185.0,185.0,185.0,185.0,185.0,187.0,187.0,187.0,185.0,185.0,108.0,108.0,139.0,139.0,160.0,160.0,160.0,160.0,162.0,134.0,110.0,110.0,110.0,110.0,110.0,110.0,110.0,110.0,110.0,110.0,109.0,109.0,107.0,107.0,107.0,106.0,91.0,45.0,45.0,45.0,45.0,45.0,45.0,45.0,47.0,47.0,47.0,46.0,49.0,49.0,49.0,49.0,70.0,70.0,70.0,70.0,43.0,40.0,17.0,17.0,84.0,84.0,73.0,73.0,73.0,63.0,105.0,105.0,77.0,77.0,77.0,54.0,54.0,54.0,54.0,54.0,54.0,54.0,54.0,54.0,54.0,74.0,76.0,76.0,75.0,75.0,75.0,75.0,75.0,75.0,75.0,75.0,75.0,75.0,74.0,118.0,117.0,115.0,115.0,115.0,115.0,115.0,115.0,72.0,72.0,52.0,52.0,52.0,52.0,54.0,54.0,33.0,33.0,40.0,40.0,60.0,60.0,42.0,41.0,39.0,39.0,39.0,39.0,39.0,43.0,43.0,35.0,35.0,35.0,35.0,38.0,23.0,23.0,23.0,23.0,23.0,22.0,22.0,22.0,22.0,24.0,24.0,24.0,24.0,24.0,24.0,24.0,24.0,24.0,24.0,24.0,14.0,14.0,14.0,14.0,14.0,14.0,11.0,11.0,53.0,53.0,53.0,53.0,53.0,47.0,33.0,32.0,115.0,115.0,115.0,115.0,115.0,120.0,120.0,119.0,168.0,170.0,170.0,170.0,170.0,170.0,170.0,170.0,170.0,170.0,159.0,159.0,160.0,161.0,161.0,137.0,137.0,137.0,137.0,137.0,137.0,137.0,137.0,136.0,136.0,136.0,136.0,136.0,134.0,134.0,114.0,114.0,114.0,114.0,114.0,158.0,178.0,146.0,146.0,146.0,126.0,126.0,157.0,157.0
0.0,0.0,0.0,0.0,0.0,54.0,54.0,54.0,54.0,54.0,54.0,54.0,54.0,54.0,54.0,54.0,54.0,54.0,54.0,54.0,53.0,52.0,52.0,52.0,52.0,52.0,52.0,52.0,52.0,52.0,52.0,52.0,54.0,54.0,54.0,107.0,131.0,131.0,131.0,87.0,87.0,126.0,140.0,162.0,162.0,162.0,164.0,164.0,164.0,184.0,182.0,183.0,183.0,183.0,183.0,183.0,197.0,194.0,196.0,196.0,197.0,194.0,194.0,194.0,194.0,195.0,195.0,195.0,192.0,193.0,193.0,193.0,193.0,202.0,201.0,203.0,204.0,208.0,209.0,210.0,212.0,128.0,128.0,134.0,134.0,134.0,129.0,131.0,131.0,131.0,131.0,131.0,151.0,96.0,102.0,102.0,116.0,116.0,116.0,117.0,117.0,117.0,117.0,117.0,117.0,117.0,83.0,84.0,84.0,85.0,86.0,86.0,121.0,121.0,132.0,126.0,126.0,126.0,133.0,133.0,133.0,133.0,133.0,119.0,115.0,115.0,105.0,105.0,105.0,105.0,105.0,105.0,105.0,102.0,102.0,102.0,123.0,125.0,132.0,132.0,132.0,132.0,132.0,132.0,128.0,133.0,133.0,133.0,133.0,133.0,116.0,116.0,118.0,118.0,116.0,97.0,97.0,97.0,102.0,102.0,53.0,57.0,57.0,57.0,57.0,58.0,57.0,57.0,78.0,124.0,124.0,67.0,67.0,67.0,67.0,67.0,67.0,52.0,52.0,64.0,64.0,64.0,66.0,66.0,55.0,45.0,45.0,32.0,32.0,32.0,32.0,33.0,33.0,34.0,34.0,33.0,37.0,37.0,37.0,37.0,37.0,37.0,37.0,37.0,37.0,37.0,37.0,37.0,37.0,37.0,40.0,84.0,84.0,84.0,84.0,84.0,84.0,84.0,84.0,84.0,93.0,93.0,93.0,93.0,93.0,93.0,93.0,93.0,93.0,93.0,93.0,86.0,89.0,82.0,91.0,69.0,66.0,66.0,66.0,60.0,60.0,60.0,60.0,82.0,82.0,84.0,83.0,83.0,61.0,61.0,60.0,60.0,60.0,80.0,80.0,80.0,80.0,80.0,80.0,81.0,80.0,69.0,64.0,64.0,66.0,66.0,66.0,66.0,66.0,66.0,66.0,78.0,78.0,78.0,78.0,78.0,33.0,33.0,33.0,33.0,33.0,33.0,33.0,33.0,33.0,33.0,33.0,31.0,31.0,31.0,33.0,33.0,110.0,110.0,79.0,79.0,58.0,58.0,58.0,58.0,56.0,84.0,108.0,108.0,108.0,108.0,108.0,108.0,108.0,108.0,108.0,108.0,109.0,109.0,111.0,111.0,111.0,112.0,127.0,173.0,173.0,173.0,173.0,173.0,173.0,173.0,171.0,171.0,171.0,172.0,169.0,166.0,167.0,167.0,146.0,148.0,148.0,148.0,175.0,178.0,201.0,201.0,134.0,134.0,145.0,145.0,145.0,155.0,113.0,113.0,141.0,141.0,141.0,164.0,164.0,164.0,164.0,164.0,164.0,164.0,164.0,164.0,164.0,144.0,142.0,142.0,143.0,143.0,143.0,143.0,143.0,143.0,143.0,143.0,143.0,143.0,144.0,100.0,101.0,103.0,103.0,103.0,103.0,103.0,103.0,146.0,146.0,166.0,166.0,166.0,166.0,164.0,164.0,185.0,185.0,178.0,178.0,158.0,158.0,176.0,177.0,179.0,179.0,179.0,179.0,179.0,175.0,175.0,183.0,183.0,183.0,183.0,180.0,195.0,195.0,195.0,195.0,195.0,196.0,196.0,196.0,196.0,194.0,194.0,191.0,191.0,191.0,192.0,192.0,193.0,152.0,171.0,189.0,199.0,199.0,199.0,204.0,204.0,204.0,207.0,207.0,165.0,165.0,165.0,165.0,165.0,171.0,185.0,186.0,103.0,103.0,103.0,103.0,103.0,98.0,98.0,99.0,50.0,48.0,48.0,48.0,48.0,48.0,48.0,48.0,48.0,48.0,59.0,59.0,58.0,57.0,57.0,81.0,81.0,81.0,81.0,81.0,81.0,81.0,81.0,82.0,82.0,82.0,82.0,82.0,84.0,84.0,104.0,104.0,104.0,104.0,104.0,60.0,40.0,72.0,72.0,72.0,92.0,92.0,61.0,61.0
